Rk,Player,Nation,Pos,Squad,Age,Born,90s,Gls,Sh,SoT,SoT%,Sh/90,SoT/90,G/Sh,G/SoT,PK,PKatt,Matches, player_id
1,Martin Ødegaard,no NOR,MF,Arsenal,26,1998,15.2,1,22,8,36.4,1.45,0.53,0.05,0.13,0,0,Matches,79300479
2,Martín Zubimendi,es ESP,MF,Arsenal,26,1999,33.2,5,27,9,33.3,0.81,0.27,0.19,0.56,0,0,Matches,3ee0dd59
3,Ben White,eng ENG,DF,Arsenal,27,1997,7.8,0,5,1,20.0,0.64,0.13,0.00,0.00,0,0,Matches,35e413f1
4,Leandro Trossard,be BEL,FWMF,Arsenal,30,1994,22.2,6,53,15,28.3,2.39,0.68,0.11,0.40,0,0,Matches,38ceb24a
5,Jurriën Timber,nl NED,DF,Arsenal,24,2001,27.3,3,25,7,28.0,0.92,0.26,0.12,0.43,0,0,Matches,41034650
6,William Saliba,fr FRA,DF,Arsenal,24,2001,29.0,1,5,1,20.0,0.17,0.03,0.20,1.00,0,0,Matches,972aeb2a
7,Bukayo Saka,eng ENG,FWMF,Arsenal,23,2001,24.7,7,71,27,38.0,2.88,1.09,0.08,0.22,1,1,Matches,bc7dc64d
8,Declan Rice,eng ENG,MF,Arsenal,26,1999,34.4,4,40,13,32.5,1.16,0.38,0.10,0.31,0,0,Matches,1c7012b8
9,David Raya,es ESP,GK,Arsenal,29,1995,37.0,0,0,0,,0.00,0.00,,,0,0,Matches,98ea5115
10,Christian Nørgaard,dk DEN,MF,Arsenal,31,1994,1.2,0,2,1,50.0,1.70,0.85,0.00,0.00,0,0,Matches,df0a4c90
11,Ethan Nwaneri,eng ENG,MF,Arsenal,18,2007,1.9,0,6,0,0.0,3.16,0.00,0.00,,0,0,Matches,7f94982c
12,Cristhian Mosquera,es ESP,DF,Arsenal,21,2004,11.0,0,1,0,0.0,0.09,0.00,0.00,,0,0,Matches,dc1ce4f5
13,Mikel Merino,es ESP,MFFW,Arsenal,29,1996,11.5,4,22,8,36.4,1.91,0.69,0.18,0.50,0,0,Matches,d080ed5e
14,Gabriel Martinelli,br BRA,FWMF,Arsenal,24,2001,12.0,1,29,13,44.8,2.41,1.08,0.03,0.08,0,0,Matches,48a5a5d6
15,Gabriel Magalhães,br BRA,DF,Arsenal,27,1997,30.6,3,27,7,25.9,0.88,0.23,0.11,0.43,0,0,Matches,67ac5bb8
16,Noni Madueke,eng ENG,FWMF,Arsenal,23,2002,13.5,3,25,9,36.0,1.86,0.67,0.12,0.33,0,0,Matches,bf34eebd
17,Myles Lewis-Skelly,eng ENG,MFDF,Arsenal,18,2006,7.9,0,2,0,0.0,0.25,0.00,0.00,,0,0,Matches,5dff6c28
18,Gabriel Jesus,br BRA,FW,Arsenal,28,1997,4.8,3,19,12,63.2,3.99,2.52,0.16,0.25,0,0,Matches,b66315ae
19,Piero Hincapié,ec ECU,DF,Arsenal,23,2002,19.9,1,3,2,66.7,0.15,0.10,0.33,0.50,0,0,Matches,0c7a48f8
20,Kai Havertz,de GER,FWMF,Arsenal,26,1999,6.5,2,18,4,22.2,2.79,0.62,0.11,0.50,0,0,Matches,fed7cb61
21,Viktor Gyökeres,se SWE,FW,Arsenal,27,1998,24.7,14,55,22,40.0,2.23,0.89,0.20,0.50,3,3,Matches,4d5a9185
22,Eberechi Eze,eng ENG,MFFW,Arsenal,27,1998,20.1,7,57,18,31.6,2.83,0.89,0.12,0.39,0,0,Matches,ae4fc6a4
23,Max Dowman,eng ENG,MF,Arsenal,15,2009,1.7,1,6,1,16.7,3.44,0.57,0.17,1.00,0,0,Matches,9008bb70
24,Riccardo Calafiori,it ITA,DF,Arsenal,23,2002,18.9,1,32,8,25.0,1.70,0.42,0.03,0.13,0,0,Matches,aded8e6f
25,Kepa Arrizabalaga,es ESP,GK,Arsenal,30,1994,1.0,0,0,0,,0.00,0.00,,,0,0,Matches,28d596a0
26,Ollie Watkins,eng ENG,FW,Aston Villa,29,1995,31.5,16,83,38,45.8,2.63,1.20,0.19,0.42,0,0,Matches,aed3a70f
27,Pau Torres,es ESP,DF,Aston Villa,28,1997,18.6,0,9,1,11.1,0.48,0.05,0.00,0.00,0,0,Matches,532e1e4f
28,Youri Tielemans,be BEL,MF,Aston Villa,28,1997,20.7,0,24,7,29.2,1.16,0.34,0.00,0.00,0,0,Matches,56f7a928
29,Jadon Sancho,eng ENG,MF,Aston Villa,25,2000,9.7,0,10,3,30.0,1.03,0.31,0.00,0.00,0,0,Matches,dbf053da
30,Morgan Rogers,eng ENG,MF,Aston Villa,23,2002,36.4,10,84,32,38.1,2.30,0.88,0.12,0.31,0,0,Matches,2e5915f1
31,Amadou Onana,be BEL,MF,Aston Villa,23,2001,19.5,2,19,7,36.8,0.97,0.36,0.11,0.29,0,0,Matches,828657ff
32,Tyrone Mings,eng ENG,DF,Aston Villa,32,1993,14.7,0,9,1,11.1,0.61,0.07,0.00,0.00,0,0,Matches,8397a50c
33,John McGinn,sct SCO,MF,Aston Villa,30,1994,23.7,5,28,12,42.9,1.18,0.51,0.18,0.42,0,0,Matches,90f91999
34,Emiliano Martínez,ar ARG,GK,Aston Villa,32,1992,31.5,0,0,0,,0.00,0.00,,,0,0,Matches,7956236f
35,Donyell Malen,nl NED,FWMF,Aston Villa,26,1999,7.3,4,27,9,33.3,3.70,1.23,0.15,0.44,0,0,Matches,116c35df
36,Ian Maatsen,nl NED,DF,Aston Villa,23,2002,17.8,0,20,5,25.0,1.12,0.28,0.00,0.00,0,0,Matches,cab9634e
37,Douglas Luiz,br BRA,MF,Aston Villa,27,1998,6.7,1,6,4,66.7,0.89,0.60,0.17,0.25,0,0,Matches,6f7d826d
38,Victor Lindelöf,se SWE,DFMF,Aston Villa,31,1994,10.5,0,3,0,0.0,0.28,0.00,0.00,,0,0,Matches,f5deef4c
39,Ezri Konsa,eng ENG,DF,Aston Villa,27,1997,33.7,0,11,2,18.2,0.33,0.06,0.00,0.00,0,0,Matches,0313a347
40,Boubacar Kamara,fr FRA,MF,Aston Villa,25,1999,15.7,1,7,4,57.1,0.45,0.26,0.14,0.25,0,0,Matches,cc77354e
41,Jamaldeen Jimoh,eng ENG,MF,Aston Villa,18,2006,0.1,0,0,0,,0.00,0.00,,,0,0,Matches,1e711234
42,George Hemmings,eng ENG,MF,Aston Villa,18,2007,0.3,0,1,0,0.0,3.33,0.00,0.00,,0,0,Matches,28795530
43,Evann Guessand,ci CIV,MF,Aston Villa,24,2001,6.5,0,8,5,62.5,1.22,0.77,0.00,0.00,0,0,Matches,b73f17f8
44,Andrés García,es ESP,DF,Aston Villa,22,2003,1.0,0,0,0,,0.00,0.00,,,0,0,Matches,40498af1
45,Harvey Elliott,eng ENG,MF,Aston Villa,22,2003,1.2,0,5,0,0.0,4.02,0.00,0.00,,0,0,Matches,b9e1436c
46,Alysson Edward,br BRA,MF,Aston Villa,19,2006,0.5,0,1,0,0.0,1.84,0.00,0.00,,0,0,Matches,99b63a82
47,Lucas Digne,fr FRA,DF,Aston Villa,32,1993,20.6,0,14,5,35.7,0.68,0.24,0.00,0.00,0,0,Matches,1b84dbe1
48,Matty Cash,pl POL,DF,Aston Villa,27,1997,33.5,3,30,10,33.3,0.90,0.30,0.10,0.30,0,0,Matches,2389cdc2
49,Bradley Burrowes,eng ENG,MF,Aston Villa,17,2008,0.2,0,0,0,,0.00,0.00,,,0,0,Matches,802ee5ca
50,Emi Buendía,ar ARG,MF,Aston Villa,28,1996,19.5,6,49,13,26.5,2.51,0.67,0.12,0.46,0,0,Matches,66b76d44
51,Lamare Bogarde,nl NED,MFDF,Aston Villa,21,2004,11.7,0,0,0,,0.00,0.00,,,0,0,Matches,bca5c4a7
52,Marco Bizot,nl NED,GK,Aston Villa,34,1991,6.5,0,0,0,,0.00,0.00,,,0,0,Matches,3d214e5f
53,Ross Barkley,eng ENG,MF,Aston Villa,31,1993,9.5,3,18,8,44.4,1.89,0.84,0.17,0.38,0,0,Matches,3a24769f
54,Leon Bailey,jm JAM,MF,Aston Villa,27,1997,5.1,0,8,1,12.5,1.57,0.20,0.00,0.00,0,0,Matches,3a233281
55,Tammy Abraham,eng ENG,FW,Aston Villa,27,1997,3.2,2,9,3,33.3,2.83,0.94,0.22,0.67,0,0,Matches,f586779e
56,Ben Winterburn,eng ENG,MF,Bournemouth,20,2004,0.1,0,0,0,,0.00,0.00,,,0,0,Matches,ba31eee2
57,Enes Ünal,tr TUR,FW,Bournemouth,28,1997,2.6,1,15,3,20.0,5.82,1.16,0.07,0.33,0,0,Matches,f8eca1b6
58,Adrien Truffert,fr FRA,DF,Bournemouth,23,2001,37.5,1,16,6,37.5,0.43,0.16,0.06,0.17,0,0,Matches,5d0e0a1f
59,Alex Tóth,hu HUN,MF,Bournemouth,19,2005,1.6,0,2,0,0.0,1.29,0.00,0.00,,0,0,Matches,5e18c6f4
60,Marcus Tavernier,eng ENG,MF,Bournemouth,26,1999,30.3,7,70,24,34.3,2.31,0.79,0.07,0.21,2,2,Matches,5c0da4a4
61,Julio Soler,ar ARG,DF,Bournemouth,20,2005,0.4,0,0,0,,0.00,0.00,,,0,0,Matches,98c8559a
62,Adam Smith,eng ENG,DF,Bournemouth,34,1991,12.0,0,0,0,,0.00,0.00,,,0,0,Matches,20b104bc
63,Marcos Senesi,ar ARG,DF,Bournemouth,28,1997,36.5,0,17,5,29.4,0.47,0.14,0.00,0.00,0,0,Matches,35141f4c
64,Antoine Semenyo,gh GHA,MF,Bournemouth,25,2000,20.0,10,49,27,55.1,2.45,1.35,0.18,0.33,1,2,Matches,efd2ec23
65,Alex Scott,eng ENG,MF,Bournemouth,21,2003,31.7,3,44,13,29.5,1.39,0.41,0.07,0.23,0,0,Matches,104d0bb8
66,Rayan,br BRA,MF,Bournemouth,18,2006,12.3,5,28,8,28.6,2.27,0.65,0.18,0.63,0,0,Matches,288647fc
67,Đorđe Petrović,rs SRB,GK,Bournemouth,25,1999,38.0,0,0,0,,0.00,0.00,,,0,0,Matches,0cf321c8
68,Veljko Milosavljević,rs SRB,DF,Bournemouth,18,2007,4.1,0,1,0,0.0,0.24,0.00,0.00,,0,0,Matches,c478319d
69,Justin Kluivert,nl NED,MF,Bournemouth,26,1999,10.6,2,17,4,23.5,1.61,0.38,0.12,0.50,0,0,Matches,4c3a6744
70,Hamed Junior Traorè,ci CIV,MF,Bournemouth,25,2000,0.2,0,0,0,,0.00,0.00,,,0,0,Matches,570bb4b9
71,Eli Junior Kroupi,fr FRA,MFFW,Bournemouth,19,2006,18.6,13,52,22,42.3,2.80,1.18,0.21,0.50,2,2,Matches,b2fe86e5
72,Álex Jiménez,es ESP,DFMF,Bournemouth,20,2005,25.7,1,21,4,19.0,0.82,0.16,0.05,0.25,0,0,Matches,faa13947
73,James Hill,eng ENG,DF,Bournemouth,23,2002,23.4,0,12,2,16.7,0.51,0.09,0.00,0.00,0,0,Matches,69942fb3
74,Ben Gannon-Doak,sct SCO,MF,Bournemouth,19,2005,1.3,0,3,1,33.3,2.39,0.80,0.00,0.00,0,0,Matches,733f1a7d
75,Evanilson,br BRA,FW,Bournemouth,25,1999,30.5,6,72,23,31.9,2.36,0.75,0.08,0.26,0,0,Matches,6f3cc2fe
76,Bafodé Diakité,fr FRA,DF,Bournemouth,24,2001,14.2,0,1,0,0.0,0.07,0.00,0.00,,0,0,Matches,1bfb6fef
77,Lewis Cook,eng ENG,MFDF,Bournemouth,28,1997,9.7,0,3,0,0.0,0.31,0.00,0.00,,0,0,Matches,2afc7272
78,Ryan Christie,sct SCO,MF,Bournemouth,30,1995,11.0,2,25,8,32.0,2.26,0.72,0.08,0.25,0,0,Matches,26ce2263
79,David Brooks,wls WAL,MF,Bournemouth,28,1997,13.4,1,48,13,27.1,3.59,0.97,0.02,0.08,0,0,Matches,dc4cae05
80,Amine Adli,ma MAR,MF,Bournemouth,25,2000,12.2,3,20,9,45.0,1.65,0.74,0.15,0.33,0,0,Matches,dcfb17f4
81,Tyler Adams,us USA,MF,Bournemouth,26,1999,19.7,2,10,6,60.0,0.51,0.30,0.20,0.33,0,0,Matches,2b09d998
82,Yehor Yarmoliuk,ua UKR,MF,Brentford,21,2004,29.5,1,16,4,25.0,0.54,0.14,0.06,0.25,0,0,Matches,907a5d7c
83,Hákon Valdimarsson,is ISL,GK,Brentford,23,2001,1.0,0,0,0,,0.00,0.00,,,0,0,Matches,57a34cf4
84,Igor Thiago,br BRA,FW,Brentford,24,2001,36.5,22,84,43,51.2,2.30,1.18,0.17,0.33,8,9,Matches,dc45ac24
85,Kevin Schade,de GER,MFFW,Brentford,23,2001,30.5,8,57,24,42.1,1.87,0.79,0.14,0.33,0,1,Matches,52afb588
86,Ethan Pinnock,jm JAM,DF,Brentford,32,1993,3.5,0,1,1,100.0,0.28,0.28,0.00,0.00,0,0,Matches,e541326e
87,Myles Peart-Harris,eng ENG,MF,Brentford,22,2002,0.0,0,0,0,,0.00,0.00,,,0,0,Matches,ea1a5662
88,Dango Ouattara,bf BFA,MF,Brentford,23,2002,25.3,7,56,20,35.7,2.21,0.79,0.13,0.35,0,0,Matches,2f9e4435
89,Frank Onyeka,ng NGA,MF,Brentford,27,1998,1.0,0,0,0,,0.00,0.00,,,0,0,Matches,2944f86f
90,Reiss Nelson,eng ENG,FWMF,Brentford,25,1999,1.4,0,5,1,20.0,3.57,0.71,0.00,0.00,0,0,Matches,c5bdb6e3
91,Antoni Milambo,nl NED,MF,Brentford,20,2005,0.5,0,0,0,,0.00,0.00,,,0,0,Matches,b05f4787
92,Keane Lewis-Potter,eng ENG,DFMF,Brentford,24,2001,21.9,3,31,9,29.0,1.41,0.41,0.10,0.33,0,0,Matches,41f08ac8
93,Caoimhín Kelleher,ie IRL,GK,Brentford,26,1998,37.0,0,0,0,,0.00,0.00,,,0,0,Matches,62d7ef38
94,Michael Kayode,it ITA,DF,Brentford,21,2004,36.2,1,9,3,33.3,0.25,0.08,0.11,0.33,0,0,Matches,e19660a8
95,Mathias Jensen,dk DEN,MF,Brentford,29,1996,25.0,3,29,8,27.6,1.16,0.32,0.10,0.38,0,0,Matches,0f134faf
96,Vitaly Janelt,de GER,MF,Brentford,27,1998,16.0,1,12,3,25.0,0.75,0.19,0.08,0.33,0,0,Matches,8449d35e
97,Aaron Hickey,sct SCO,DFMF,Brentford,23,2002,7.7,0,6,1,16.7,0.78,0.13,0.00,0.00,0,0,Matches,1780bb4a
98,Rico Henry,jm JAM,DF,Brentford,28,1997,14.8,0,5,0,0.0,0.34,0.00,0.00,,0,0,Matches,8a3c1dc7
99,Jordan Henderson,eng ENG,MF,Brentford,35,1990,21.3,1,6,1,16.7,0.28,0.05,0.17,1.00,0,0,Matches,935e6b8f
100,Kaye Furo,be BEL,FW,Brentford,18,2007,0.0,0,0,0,,0.00,0.00,,,0,0,Matches,9fea2579
101,Romelle Donovan,eng ENG,FW,Brentford,18,2006,0.5,0,3,1,33.3,6.59,2.20,0.00,0.00,0,0,Matches,519db366
102,Sepp van den Berg,nl NED,DF,Brentford,23,2001,30.7,0,23,7,30.4,0.75,0.23,0.00,0.00,0,0,Matches,7bf9400b
103,Josh Dasilva,eng ENG,MF,Brentford,26,1998,0.0,0,1,0,0.0,30.00,0.00,0.00,,0,0,Matches,60344e4f
104,Mikkel Damsgaard,dk DEN,MF,Brentford,25,2000,22.8,4,29,11,37.9,1.27,0.48,0.14,0.36,0,0,Matches,215f3907
105,Nathan Collins,ie IRL,DF,Brentford,24,2001,33.1,1,20,6,30.0,0.61,0.18,0.05,0.17,0,0,Matches,a8c19eb8
106,Fabio Carvalho,pt POR,MF,Brentford,22,2002,1.1,1,2,1,50.0,1.76,0.88,0.50,1.00,0,0,Matches,966e28d0
107,Kristoffer Ajer,no NOR,DF,Brentford,27,1998,20.1,0,10,3,30.0,0.50,0.15,0.00,0.00,0,0,Matches,a8c0acb7
108,Mats Wieffer,nl NED,DF,Brighton,25,1999,21.1,2,18,6,33.3,0.85,0.28,0.11,0.33,0,0,Matches,4876c9ab
109,Danny Welbeck,eng ENG,FW,Brighton,34,1990,25.1,13,56,28,50.0,2.23,1.12,0.21,0.43,1,3,Matches,ce5143da
110,Tom Watson,eng ENG,MF,Brighton,19,2006,0.7,0,1,1,100.0,1.45,1.45,0.00,0.00,0,0,Matches,9886c32e
111,Bart Verbruggen,nl NED,GK,Brighton,22,2002,38.0,0,0,0,,0.00,0.00,,,0,0,Matches,cf134113
112,Joël Veltman,nl NED,DF,Brighton,33,1992,11.8,1,4,1,25.0,0.34,0.09,0.25,1.00,0,0,Matches,dad4b285
113,Stefanos Tzimas,gr GRE,FW,Brighton,19,2006,1.5,1,4,1,25.0,2.59,0.65,0.25,1.00,0,0,Matches,a497130f
114,Georginio Rutter,fr FRA,MFFW,Brighton,23,2002,19.8,3,42,14,33.3,2.12,0.71,0.07,0.21,0,0,Matches,c64c01fc
115,Nehemiah Oriola,eng ENG,MF,Brighton,18,2007,0.0,0,0,0,,0.00,0.00,,,0,0,Matches,febb2831
116,Matt O'Riley,dk DEN,MF,Brighton,24,2000,2.3,1,4,2,50.0,1.76,0.88,0.00,0.00,1,1,Matches,fb495bb8
117,Kaoru Mitoma,jp JPN,MFFW,Brighton,28,1997,19.1,3,32,13,40.6,1.67,0.68,0.09,0.23,0,0,Matches,74618572
118,Yankuba Minteh,gm GAM,MF,Brighton,21,2004,26.6,3,41,11,26.8,1.54,0.41,0.07,0.27,0,0,Matches,c3cf087d
119,James Milner,eng ENG,MF,Brighton,39,1986,8.7,1,8,2,25.0,0.92,0.23,0.00,0.00,1,1,Matches,2f90f6b8
120,Solly March,eng ENG,MF,Brighton,31,1994,0.5,0,1,1,100.0,2.20,2.20,0.00,0.00,0,0,Matches,bb5fbd2b
121,Charalampos Kostoulas,gr GRE,FW,Brighton,18,2007,4.1,2,21,8,38.1,5.12,1.95,0.10,0.25,0,0,Matches,816010c4
122,Joe Knight,eng ENG,MF,Brighton,19,2005,0.0,0,0,0,,0.00,0.00,,,0,0,Matches,16168a0f
123,Ferdi Kadioglu,tr TUR,DFMF,Brighton,25,1999,34.8,1,28,13,46.4,0.80,0.37,0.04,0.08,0,0,Matches,66c52a77
124,Harry Howell,eng ENG,MF,Brighton,17,2008,1.0,0,0,0,,0.00,0.00,,,0,0,Matches,d8a7e52c
125,Jack Hinshelwood,eng ENG,MF,Brighton,20,2005,19.3,4,37,15,40.5,1.91,0.78,0.11,0.27,0,0,Matches,e98211e7
126,Jan Paul van Hecke,nl NED,DF,Brighton,25,2000,35.7,3,23,10,43.5,0.64,0.28,0.13,0.30,0,0,Matches,4fd08daa
127,Brajan Gruda,de GER,MF,Brighton,21,2004,8.0,1,16,6,37.5,2.00,0.75,0.06,0.17,0,0,Matches,ae9b998d
128,Pascal Groß,de GER,MF,Brighton,34,1991,18.2,1,18,9,50.0,0.99,0.50,0.06,0.11,0,0,Matches,8aec0537
129,Diego Gómez,py PAR,MFFW,Brighton,22,2003,23.6,5,42,14,33.3,1.78,0.59,0.12,0.36,0,0,Matches,916728da
130,Lewis Dunk,eng ENG,DF,Brighton,33,1991,31.5,1,23,3,13.0,0.73,0.10,0.04,0.33,0,0,Matches,282f75f3
131,Maxim De Cuyper,be BEL,DFMF,Brighton,24,2000,15.7,2,13,6,46.2,0.83,0.38,0.15,0.33,0,0,Matches,d494882e
132,Diego Coppola,it ITA,DF,Brighton,21,2003,2.2,0,0,0,,0.00,0.00,,,0,0,Matches,22ae86f9
133,Olivier Boscagli,fr FRA,DF,Brighton,27,1997,8.9,0,1,0,0.0,0.11,0.00,0.00,,0,0,Matches,403f5d20
134,Carlos Baleba,cm CMR,MF,Brighton,21,2004,18.4,0,20,2,10.0,1.09,0.11,0.00,0.00,0,0,Matches,a1390d2f
135,Yasin Ayari,se SWE,MF,Brighton,21,2003,21.4,3,41,10,24.4,1.91,0.47,0.07,0.30,0,0,Matches,f173303a
136,Joe Worrall,eng ENG,DF,Burnley,28,1997,5.6,0,1,0,0.0,0.18,0.00,0.00,,0,0,Matches,a5212312
137,Max Weiß,de GER,GK,Burnley,21,2004,3.0,0,0,0,,0.00,0.00,,,0,0,Matches,882228c2
138,James Ward-Prowse,eng ENG,MF,Burnley,30,1994,7.6,0,3,2,66.7,0.39,0.26,0.00,0.00,0,0,Matches,3515d404
139,Kyle Walker,eng ENG,DFMF,Burnley,35,1990,34.4,0,4,0,0.0,0.12,0.00,0.00,,0,0,Matches,86dd77d1
140,Lesley Ugochukwu,fr FRA,MF,Burnley,21,2004,26.0,3,23,8,34.8,0.89,0.31,0.13,0.38,0,0,Matches,1df4a109
141,Axel Tuanzebe,cd COD,DF,Burnley,27,1997,13.3,1,2,1,50.0,0.15,0.07,0.50,1.00,0,0,Matches,2baec6ce
142,Mike Trésor,be BEL,FWMF,Burnley,26,1999,0.5,0,0,0,,0.00,0.00,,,0,0,Matches,b2a81fc6
143,Loum Tchaouna,fr FRA,MFFW,Burnley,21,2003,14.1,2,23,9,39.1,1.63,0.64,0.09,0.22,0,0,Matches,a3c8b4d3
144,Oliver Sonne,pe PER,DF,Burnley,24,2000,1.9,1,3,1,33.3,1.60,0.53,0.33,1.00,0,0,Matches,b66b8d5e
145,Hannibal Mejbri,tn TUN,MF,Burnley,22,2003,13.7,1,19,5,26.3,1.39,0.37,0.05,0.20,0,0,Matches,ca22ccb0
146,Florentino Luís,pt POR,MF,Burnley,25,1999,23.4,0,13,2,15.4,0.56,0.09,0.00,0.00,0,0,Matches,881cd6be
147,Lucas,br BRA,MFDF,Burnley,24,2001,15.7,0,16,4,25.0,1.02,0.26,0.00,0.00,0,0,Matches,5d68f5b2
148,Josh Laurent,eng ENG,DFMF,Burnley,30,1995,19.6,1,15,4,26.7,0.77,0.20,0.07,0.25,0,0,Matches,f0068e0f
149,Bashir Humphreys,eng ENG,DFMF,Burnley,22,2003,17.5,0,9,3,33.3,0.51,0.17,0.00,0.00,0,0,Matches,d2b32e91
150,Quilindschy Hartman,nl NED,DF,Burnley,23,2001,20.3,0,9,3,33.3,0.44,0.15,0.00,0.00,0,0,Matches,39e1138f
151,Lyle Foster,za RSA,FWMF,Burnley,24,2000,15.2,3,20,6,30.0,1.31,0.39,0.15,0.50,0,0,Matches,f84a807c
152,Zian Flemming,nl NED,FW,Burnley,26,1998,19.7,11,52,21,40.4,2.65,1.07,0.17,0.43,2,2,Matches,b3f36e72
153,Maxime Estève,fr FRA,DF,Burnley,23,2002,32.6,0,10,1,10.0,0.31,0.03,0.00,0.00,0,0,Matches,1a066e69
154,Hjalmar Ekdal,se SWE,DF,Burnley,26,1998,17.1,0,6,1,16.7,0.35,0.06,0.00,0.00,0,0,Matches,3d554589
155,Marcus Edwards,eng ENG,MFFW,Burnley,26,1998,11.9,1,23,6,26.1,1.94,0.51,0.04,0.17,0,0,Matches,57760e66
156,Martin Dúbravka,sk SVK,GK,Burnley,36,1989,35.0,0,0,0,,0.00,0.00,,,0,0,Matches,3a949a25
157,Josh Cullen,ie IRL,MF,Burnley,29,1996,16.8,2,11,6,54.5,0.65,0.36,0.18,0.33,0,0,Matches,f6d7d690
158,Jacob Bruun Larsen,dk DEN,MFFW,Burnley,26,1998,11.4,0,17,4,23.5,1.49,0.35,0.00,0.00,0,0,Matches,4e204552
159,Armando Broja,al ALB,FW,Burnley,23,2001,9.6,1,16,6,37.5,1.67,0.63,0.06,0.17,0,0,Matches,97220da2
160,Ashley Barnes,eng ENG,FWMF,Burnley,35,1989,0.5,0,2,1,50.0,3.91,1.96,0.00,0.00,0,0,Matches,2691c772
161,Jaidon Anthony,eng ENG,MF,Burnley,25,1999,30.2,8,55,23,41.8,1.82,0.76,0.15,0.35,0,0,Matches,e4238fb1
162,Zeki Amdouni,ch SUI,FWMF,Burnley,24,2000,0.8,0,3,1,33.3,3.70,1.23,0.00,0.00,0,0,Matches,2ee5b0c9
163,Jaydon Amauri Banel,nl NED,FWMF,Burnley,20,2004,0.1,0,0,0,,0.00,0.00,,,0,0,Matches,98e0d76c
164,Estêvão Willian,br BRA,MF,Chelsea,18,2007,9.4,2,28,8,28.6,2.97,0.85,0.07,0.25,0,0,Matches,2eda11b1
165,Mamadou Sarr,sn SEN,DF,Chelsea,19,2005,1.1,0,1,0,0.0,0.88,0.00,0.00,,0,0,Matches,61f80c89
166,Andrey Santos,br BRA,MF,Chelsea,21,2004,14.0,1,11,2,18.2,0.79,0.14,0.09,0.50,0,0,Matches,dd745366
167,Robert Sánchez,es ESP,GK,Chelsea,27,1997,33.8,0,0,0,,0.00,0.00,,,0,0,Matches,6a713852
168,Cole Palmer,eng ENG,MF,Chelsea,23,2002,21.7,10,64,25,39.1,2.95,1.15,0.08,0.20,5,6,Matches,dc7f8a28
169,Pedro Neto,pt POR,MFFW,Chelsea,25,2000,29.2,5,46,13,28.3,1.57,0.44,0.11,0.38,0,0,Matches,7ba2eaa9
170,Shumaira Mheuka,eng ENG,FW,Chelsea,17,2007,0.0,0,0,0,,0.00,0.00,,,0,0,Matches,43d0b694
171,Roméo Lavia,be BEL,MF,Chelsea,21,2004,4.2,0,3,0,0.0,0.71,0.00,0.00,,0,0,Matches,ecad9aa5
172,Filip Jørgensen,dk DEN,GK,Chelsea,23,2002,4.2,0,0,0,,0.00,0.00,,,0,0,Matches,0107757e
173,João Pedro,br BRA,FWMF,Chelsea,23,2001,29.6,15,73,28,38.4,2.47,0.95,0.21,0.54,0,0,Matches,e8832875
174,Reece James,eng ENG,DFMF,Chelsea,25,1999,21.8,2,22,7,31.8,1.01,0.32,0.09,0.29,0,0,Matches,1265a93a
175,Jorrel Hato,nl NED,DF,Chelsea,19,2006,12.8,0,4,0,0.0,0.31,0.00,0.00,,0,0,Matches,bde35051
176,Malo Gusto,fr FRA,DFMF,Chelsea,22,2003,25.1,2,12,6,50.0,0.48,0.24,0.17,0.33,0,0,Matches,d56b9520
177,Marc Guiu,es ESP,FW,Chelsea,19,2006,2.9,0,12,2,16.7,4.20,0.70,0.00,0.00,0,0,Matches,d3d774cc
178,Jamie Gittens,eng ENG,MF,Chelsea,20,2004,5.5,0,10,2,20.0,1.82,0.36,0.00,0.00,0,0,Matches,10745192
179,Tyrique George,eng ENG,FW,Chelsea,19,2006,1.6,0,3,2,66.7,1.86,1.24,0.00,0.00,0,0,Matches,e6f7797e
180,Alejandro Garnacho,ar ARG,MF,Chelsea,21,2004,14.1,1,33,7,21.2,2.34,0.50,0.03,0.14,0,0,Matches,7aa8adfe
181,Wesley Fofana,fr FRA,DF,Chelsea,24,2000,19.1,0,8,1,12.5,0.42,0.05,0.00,0.00,0,0,Matches,132a82f1
182,Enzo Fernández,ar ARG,MF,Chelsea,24,2001,34.6,10,72,31,43.1,2.08,0.90,0.11,0.26,2,2,Matches,5ff4ab71
183,Dario Essugo,pt POR,MF,Chelsea,20,2005,0.3,0,0,0,,0.00,0.00,,,0,0,Matches,1e4319ac
184,Jesse Derry,eng ENG,MF,Chelsea,18,2007,0.5,0,2,1,50.0,4.09,2.05,0.00,0.00,0,0,Matches,bbfe0e5d
185,Liam Delap,eng ENG,FW,Chelsea,22,2003,12.3,1,36,11,30.6,2.93,0.89,0.03,0.09,0,0,Matches,dd897ee7
186,Marc Cucurella,es ESP,DF,Chelsea,27,1998,30.1,1,20,6,30.0,0.66,0.20,0.05,0.17,0,0,Matches,1daec722
187,Levi Colwill,eng ENG,DF,Chelsea,22,2003,2.5,0,0,0,,0.00,0.00,,,0,0,Matches,700783e7
188,Trevoh Chalobah,eng ENG,DF,Chelsea,26,1999,30.9,3,16,5,31.3,0.52,0.16,0.19,0.60,0,0,Matches,5515376c
189,Moisés Caicedo,ec ECU,MF,Chelsea,23,2001,31.1,3,27,7,25.9,0.87,0.23,0.11,0.43,0,0,Matches,16264a81
190,Facundo Buonanotte,ar ARG,MF,Chelsea,20,2004,0.5,0,0,0,,0.00,0.00,,,0,0,Matches,468a7a91
191,Benoît Badiashile,fr FRA,DF,Chelsea,24,2001,5.2,0,0,0,,0.00,0.00,,,0,0,Matches,06df8256
192,Tosin Adarabioyo,eng ENG,DF,Chelsea,27,1997,8.8,0,2,0,0.0,0.23,0.00,0.00,,0,0,Matches,c81d773d
193,Joshua Acheampong,eng ENG,DF,Chelsea,19,2006,7.4,1,4,2,50.0,0.54,0.27,0.25,0.50,0,0,Matches,b7e62e1d
194,Adam Wharton,eng ENG,MF,Crystal Palace,21,2004,28.4,1,32,6,18.8,1.13,0.21,0.03,0.17,0,0,Matches,4b542852
195,Christantus Uche,ng NGA,FW,Crystal Palace,22,2003,1.9,0,6,2,33.3,3.12,1.04,0.00,0.00,0,0,Matches,87941696
196,Jørgen Strand Larsen,no NOR,FW,Crystal Palace,25,2000,10.0,3,23,7,30.4,2.29,0.70,0.13,0.43,0,0,Matches,f553b2b3
197,Borna Sosa,hr CRO,DFMF,Crystal Palace,27,1998,1.1,0,1,0,0.0,0.89,0.00,0.00,,0,0,Matches,af0d79a9
198,Ismaila Sarr,sn SEN,MF,Crystal Palace,27,1998,24.2,9,48,21,43.8,1.99,0.87,0.13,0.29,3,3,Matches,bfdb33aa
199,Kaden Rodney,eng ENG,DFMF,Crystal Palace,20,2004,0.0,0,0,0,,0.00,0.00,,,0,0,Matches,49375cdd
200,Chris Richards,us USA,DF,Crystal Palace,25,2000,31.4,1,15,2,13.3,0.48,0.06,0.07,0.50,0,0,Matches,0a3d6d2b
201,Chadi Riad,ma MAR,DF,Crystal Palace,22,2003,6.1,0,4,2,50.0,0.65,0.33,0.00,0.00,0,0,Matches,b3b9b8b8
202,Yéremy Pino,es ESP,MFFW,Crystal Palace,22,2002,23.1,2,45,11,24.4,1.95,0.48,0.04,0.18,0,0,Matches,540ec57b
203,Eddie Nketiah,eng ENG,MF,Crystal Palace,26,1999,4.7,2,15,6,40.0,3.18,1.27,0.13,0.33,0,0,Matches,a53649b7
204,Daniel Muñoz,co COL,MF,Crystal Palace,29,1996,26.7,4,26,12,46.2,0.98,0.45,0.15,0.33,0,0,Matches,778ef829
205,Tyrick Mitchell,eng ENG,MF,Crystal Palace,25,1999,36.1,1,19,7,36.8,0.53,0.19,0.05,0.14,0,0,Matches,5cbd1eb0
206,Jean-Philippe Mateta,fr FRA,FW,Crystal Palace,28,1997,24.6,12,63,32,50.8,2.56,1.30,0.13,0.25,4,4,Matches,50e6dc35
207,Jefferson Lerma,co COL,MFDF,Crystal Palace,30,1994,19.3,0,19,7,36.8,0.99,0.36,0.00,0.00,0,0,Matches,9b5ce51a
208,Maxence Lacroix,fr FRA,DF,Crystal Palace,25,2000,34.3,1,25,7,28.0,0.73,0.20,0.04,0.14,0,0,Matches,277c49ed
209,Daichi Kamada,jp JPN,MF,Crystal Palace,28,1996,21.1,0,19,4,21.1,0.90,0.19,0.00,0.00,0,0,Matches,15b287da
210,Brennan Johnson,wls WAL,MFFW,Crystal Palace,24,2001,12.4,0,17,3,17.6,1.38,0.24,0.00,0.00,0,0,Matches,0cd31129
211,Will Hughes,eng ENG,MF,Crystal Palace,30,1995,17.5,0,17,0,0.0,0.97,0.00,0.00,,0,0,Matches,a0666d3e
212,Dean Henderson,eng ENG,GK,Crystal Palace,28,1997,37.0,0,0,0,,0.00,0.00,,,0,0,Matches,e5a76dfe
213,Evann Guessand,ci CIV,MF,Crystal Palace,24,2001,3.7,1,3,1,33.3,0.82,0.27,0.33,1.00,0,0,Matches,b73f17f8
214,Marc Guéhi,eng ENG,DF,Crystal Palace,25,2000,20.0,2,15,4,26.7,0.75,0.20,0.13,0.50,0,0,Matches,d0706b27
215,Eberechi Eze,eng ENG,MF,Crystal Palace,27,1998,0.9,0,6,2,33.3,6.51,2.17,0.00,0.00,0,0,Matches,ae4fc6a4
216,Romain Esse,eng ENG,MF,Crystal Palace,20,2005,0.5,0,0,0,,0.00,0.00,,,0,0,Matches,87189f25
217,Odsonne Édouard,fr FRA,FW,Crystal Palace,27,1998,0.0,0,0,0,,0.00,0.00,,,0,0,Matches,0562b7f1
218,Joél Drakes-Thomas,eng ENG,MF,Crystal Palace,16,2009,0.1,0,0,0,,0.00,0.00,,,0,0,Matches,1bd530e8
219,Justin Devenny,nir NIR,MFFW,Crystal Palace,21,2003,8.8,1,13,4,30.8,1.47,0.45,0.00,0.00,1,1,Matches,6c2b66fc
220,Nathaniel Clyne,eng ENG,MFDF,Crystal Palace,34,1991,6.6,0,3,0,0.0,0.45,0.00,0.00,,0,0,Matches,0442183b
221,Rio Cardines,tt TRI,MF,Crystal Palace,19,2006,1.0,0,1,0,0.0,1.00,0.00,0.00,,0,0,Matches,702812fe
222,Jaydee Canvot,fr FRA,DF,Crystal Palace,19,2006,14.8,0,7,1,14.3,0.47,0.07,0.00,0.00,0,0,Matches,3684108d
223,Walter Benítez,ar ARG,GK,Crystal Palace,32,1993,1.0,0,0,0,,0.00,0.00,,,0,0,Matches,8a2248b4
224,James Tarkowski,eng ENG,DF,Everton,32,1992,37.0,2,20,10,50.0,0.54,0.27,0.10,0.20,0,0,Matches,15ea812b
225,Merlin Röhl,de GER,MF,Everton,23,2002,7.6,1,11,1,9.1,1.45,0.13,0.09,1.00,0,0,Matches,1f2c7b55
226,Jordan Pickford,eng ENG,GK,Everton,31,1994,38.0,0,0,0,,0.00,0.00,,,0,0,Matches,4806ec67
227,Nathan Patterson,sct SCO,DF,Everton,23,2001,2.7,0,1,1,100.0,0.37,0.37,0.00,0.00,0,0,Matches,230f0471
228,Jake O'Brien,ie IRL,DF,Everton,24,2001,34.7,1,13,6,46.2,0.37,0.17,0.08,0.17,0,0,Matches,25f2ef01
229,Iliman Ndiaye,sn SEN,MF,Everton,25,2000,30.9,6,43,22,51.2,1.39,0.71,0.09,0.18,2,2,Matches,5ed97752
230,Vitaliy Mykolenko,ua UKR,DF,Everton,26,1999,32.9,0,9,2,22.2,0.27,0.06,0.00,0.00,0,0,Matches,30d4a2e5
231,Dwight McNeil,eng ENG,MF,Everton,25,1999,13.0,0,24,5,20.8,1.85,0.39,0.00,0.00,0,0,Matches,fc15fb84
232,Michael Keane,eng ENG,DF,Everton,32,1993,28.8,3,27,7,25.9,0.94,0.24,0.11,0.43,0,0,Matches,c5b7c315
233,Tim Iroegbunam,eng ENG,MF,Everton,22,2003,16.5,0,12,1,8.3,0.73,0.06,0.00,0.00,0,0,Matches,84c5ceea
234,Idrissa Gueye,sn SEN,MF,Everton,35,1989,23.3,2,29,7,24.1,1.25,0.30,0.07,0.29,0,0,Matches,72c812f3
235,Jack Grealish,eng ENG,MF,Everton,29,1995,18.1,2,26,8,30.8,1.44,0.44,0.08,0.25,0,0,Matches,b0b4fd3e
236,Tyrique George,eng ENG,MF,Everton,19,2006,2.4,0,7,3,42.9,2.89,1.24,0.00,0.00,0,0,Matches,e6f7797e
237,James Garner,eng ENG,MFDF,Everton,24,2001,37.9,2,45,14,31.1,1.19,0.37,0.04,0.14,0,0,Matches,4e015693
238,Tyler Dibling,eng ENG,MF,Everton,19,2006,4.0,0,4,0,0.0,1.01,0.00,0.00,,0,0,Matches,bdcc89ae
239,Kiernan Dewsbury-Hall,eng ENG,MF,Everton,26,1998,29.2,8,39,15,38.5,1.34,0.51,0.21,0.53,0,0,Matches,5c74c0f5
240,Séamus Coleman,ie IRL,DF,Everton,36,1988,0.2,0,0,0,,0.00,0.00,,,0,0,Matches,0420d84f
241,Jarrad Branthwaite,eng ENG,DF,Everton,23,2002,7.6,1,6,2,33.3,0.79,0.26,0.17,0.50,0,0,Matches,c1949191
242,Beto,gw GNB,FW,Everton,27,1998,17.4,9,43,17,39.5,2.47,0.98,0.21,0.53,0,0,Matches,ed5c0319
243,Thierno Barry,fr FRA,FW,Everton,22,2002,21.3,8,38,14,36.8,1.79,0.66,0.21,0.57,0,0,Matches,52c3244b
244,Harrison Armstrong,eng ENG,MF,Everton,18,2007,5.9,0,5,2,40.0,0.85,0.34,0.00,0.00,0,0,Matches,de59e609
245,Carlos Alcaraz,ar ARG,MF,Everton,22,2002,7.7,0,20,5,25.0,2.61,0.65,0.00,0.00,0,0,Matches,4abac767
246,Harry Wilson,wls WAL,MF,Fulham,28,1997,29.7,10,78,25,32.1,2.63,0.84,0.13,0.40,0,0,Matches,c6dc9ecd
247,Adama Traoré,es ESP,MF,Fulham,29,1996,3.0,0,5,1,20.0,1.64,0.33,0.00,0.00,0,0,Matches,9a28eba4
248,Kenny Tete,nl NED,DF,Fulham,29,1995,19.9,1,16,3,18.8,0.80,0.15,0.06,0.33,0,0,Matches,77d7c96f
249,Emile Smith Rowe,eng ENG,MF,Fulham,25,2000,21.4,3,36,11,30.6,1.68,0.51,0.08,0.27,0,0,Matches,17695062
250,Ryan Sessegnon,eng ENG,DFMF,Fulham,25,2000,20.3,3,16,4,25.0,0.79,0.20,0.19,0.75,0,0,Matches,6aa3e78b
251,Antonee Robinson,us USA,DFMF,Fulham,27,1997,16.6,1,6,1,16.7,0.36,0.06,0.00,0.00,1,1,Matches,289601e6
252,Harrison Reed,eng ENG,MF,Fulham,30,1995,1.0,1,2,1,50.0,1.91,0.96,0.50,1.00,0,0,Matches,803ae100
253,Rodrigo Muniz,br BRA,FW,Fulham,24,2001,11.1,1,32,5,15.6,2.88,0.45,0.03,0.20,0,0,Matches,a755db8c
254,Saša Lukić,rs SRB,MF,Fulham,28,1996,19.3,1,18,6,33.3,0.93,0.31,0.06,0.17,0,0,Matches,c6e8cf1f
255,Bernd Leno,de GER,GK,Fulham,33,1992,38.0,0,0,0,,0.00,0.00,,,0,0,Matches,2628fd2b
256,Jonah Kusi-Asare,se SWE,FW,Fulham,18,2007,0.6,0,0,0,,0.00,0.00,,,0,0,Matches,c7c26e61
257,Joshua King,eng ENG,MF,Fulham,18,2007,14.5,1,26,11,42.3,1.79,0.76,0.04,0.09,0,0,Matches,86109b3b
258,Kevin,br BRA,MF,Fulham,22,2003,11.6,1,25,10,40.0,2.16,0.86,0.04,0.10,0,0,Matches,93508980
259,Raúl Jiménez,mx MEX,FW,Fulham,34,1991,24.3,9,73,18,24.7,3.00,0.74,0.07,0.28,4,4,Matches,b561db50
260,Alex Iwobi,ng NGA,MF,Fulham,29,1996,26.9,4,39,15,38.5,1.45,0.56,0.10,0.27,0,0,Matches,6ca5ec4b
261,Issa Diop,ma MAR,DF,Fulham,28,1997,9.1,1,2,1,50.0,0.22,0.11,0.50,1.00,0,0,Matches,a712ca2b
262,Jorge Cuenca,es ESP,DF,Fulham,25,1999,10.4,0,1,0,0.0,0.10,0.00,0.00,,0,0,Matches,0abc51f2
263,Samuel Chukwueze,ng NGA,MF,Fulham,26,1999,12.0,3,25,7,28.0,2.09,0.58,0.12,0.43,0,0,Matches,b8a642fc
264,Timothy Castagne,be BEL,DFMF,Fulham,29,1995,20.5,0,14,6,42.9,0.68,0.29,0.00,0.00,0,0,Matches,197640fd
265,Tom Cairney,sct SCO,MF,Fulham,34,1991,8.6,2,17,2,11.8,1.97,0.23,0.12,1.00,0,0,Matches,a8748947
266,Oscar Bobb,no NOR,MF,Fulham,22,2003,6.3,0,8,3,37.5,1.26,0.47,0.00,0.00,0,0,Matches,eed2427e
267,Sander Berge,no NOR,MF,Fulham,27,1998,32.3,0,14,3,21.4,0.43,0.09,0.00,0.00,0,0,Matches,d0b6129f
268,Calvin Bassey,ng NGA,DF,Fulham,25,1999,28.2,1,12,1,8.3,0.43,0.04,0.08,1.00,0,0,Matches,a36524bf
269,Joachim Andersen,dk DEN,DF,Fulham,29,1996,31.9,0,16,4,25.0,0.50,0.13,0.00,0.00,0,0,Matches,e34fc66d
270,Ao Tanaka,jp JPN,MF,Leeds United,26,1998,14.6,2,17,5,29.4,1.16,0.34,0.12,0.40,0,0,Matches,1d36d6b6
271,Pascal Struijk,nl NED,DF,Leeds United,25,1999,32.6,0,31,5,16.1,0.95,0.15,0.00,0.00,0,0,Matches,f4d296e4
272,Anton Stach,de GER,MF,Leeds United,26,1998,26.3,5,55,14,25.5,2.09,0.53,0.09,0.36,0,0,Matches,0f59a7bf
273,Joe Rodon,wls WAL,DF,Leeds United,27,1997,32.8,2,18,7,38.9,0.55,0.21,0.11,0.29,0,0,Matches,8d62d31a
274,Joël Piroe,sr SUR,FW,Leeds United,25,1999,2.9,0,14,3,21.4,4.88,1.05,0.00,0.00,0,0,Matches,1f0072a6
275,Lucas Perri,br BRA,GK,Leeds United,27,1997,16.0,0,0,0,,0.00,0.00,,,0,0,Matches,5dbd461a
276,Noah Okafor,ch SUI,FWMF,Leeds United,25,2000,17.3,8,35,15,42.9,2.02,0.86,0.23,0.53,0,0,Matches,ca607d59
277,Lukas Nmecha,de GER,FW,Leeds United,26,1998,12.0,6,30,16,53.3,2.49,1.33,0.13,0.25,2,3,Matches,0cc5f4a5
278,Sean Longstaff,eng ENG,MF,Leeds United,27,1997,11.2,2,16,4,25.0,1.42,0.36,0.13,0.50,0,0,Matches,a2b105e0
279,James Justin,eng ENG,DFMF,Leeds United,27,1998,21.1,2,24,6,25.0,1.14,0.28,0.08,0.33,0,0,Matches,fb614c44
280,Daniel James,wls WAL,FWMF,Leeds United,27,1997,6.2,0,14,3,21.4,2.25,0.48,0.00,0.00,0,0,Matches,c931d9f9
281,Jack Harrison,eng ENG,FW,Leeds United,28,1996,3.0,0,6,2,33.3,2.01,0.67,0.00,0.00,0,0,Matches,aa849a12
282,Gabriel Gudmundsson,se SWE,DFMF,Leeds United,26,1999,29.2,0,18,3,16.7,0.62,0.10,0.00,0.00,0,0,Matches,d5d22a58
283,Ilia Gruev,bg BUL,MF,Leeds United,25,2000,14.7,0,7,1,14.3,0.48,0.07,0.00,0.00,0,0,Matches,1fc4f3d1
284,Wilfried Gnonto,it ITA,FW,Leeds United,21,2003,6.0,0,10,0,0.0,1.68,0.00,0.00,,0,0,Matches,75fdd638
285,Karl Darlow,wls WAL,GK,Leeds United,34,1990,22.0,0,0,0,,0.00,0.00,,,0,0,Matches,cde3309f
286,Dominic Calvert-Lewin,eng ENG,FW,Leeds United,28,1997,30.2,14,73,34,46.6,2.41,1.12,0.14,0.29,4,5,Matches,59e6e5bf
287,Sam Byram,eng ENG,DFMF,Leeds United,31,1993,0.1,0,0,0,,0.00,0.00,,,0,0,Matches,1bf811d4
288,Facundo Buonanotte,ar ARG,MF,Leeds United,20,2004,0.4,0,2,0,0.0,4.62,0.00,0.00,,0,0,Matches,468a7a91
289,Sebastiaan Bornauw,be BEL,DF,Leeds United,26,1999,4.8,0,1,0,0.0,0.21,0.00,0.00,,0,0,Matches,01834aa0
290,Jayden Bogle,eng ENG,MFDF,Leeds United,25,2000,31.0,1,18,4,22.2,0.58,0.13,0.06,0.25,0,0,Matches,ae5019e6
291,Jaka Bijol,si SVN,DF,Leeds United,26,1999,21.0,1,15,6,40.0,0.71,0.29,0.07,0.17,0,0,Matches,6fdac234
292,Ethan Ampadu,wls WAL,MF,Leeds United,24,2000,34.7,1,26,6,23.1,0.75,0.17,0.04,0.17,0,0,Matches,10b9fa99
293,Brenden Aaronson,us USA,MFFW,Leeds United,24,2000,27.2,4,47,17,36.2,1.73,0.62,0.09,0.24,0,0,Matches,5bc43860
294,Freddie Woodman,eng ENG,GK,Liverpool,28,1997,2.4,0,0,0,,0.00,0.00,,,0,0,Matches,19e50035
295,Florian Wirtz,de GER,MF,Liverpool,22,2003,26.4,5,51,18,35.3,1.93,0.68,0.10,0.28,0,0,Matches,e7fcf289
296,Virgil van Dijk,nl NED,DF,Liverpool,34,1991,38.0,6,30,14,46.7,0.79,0.37,0.20,0.43,0,0,Matches,e06683ca
297,Dominik Szoboszlai,hu HUN,MFDF,Liverpool,24,2000,35.9,6,71,23,32.4,1.98,0.64,0.08,0.26,0,1,Matches,934e1968
298,Mohamed Salah,eg EGY,MF,Liverpool,33,1992,23.8,7,68,19,27.9,2.85,0.80,0.09,0.32,1,1,Matches,e342ad68
299,Andy Robertson,sct SCO,DF,Liverpool,31,1994,13.1,1,10,3,30.0,0.77,0.23,0.10,0.33,0,0,Matches,2e4f5f03
300,Trey Nyoni,eng ENG,MF,Liverpool,18,2007,0.3,0,1,0,0.0,3.75,0.00,0.00,,0,0,Matches,1d3b3d77
301,Rio Ngumoha,eng ENG,MF,Liverpool,16,2008,6.2,2,16,6,37.5,2.57,0.96,0.13,0.33,0,0,Matches,022eca88
302,Giorgi Mamardashvili,ge GEO,GK,Liverpool,24,2000,9.6,0,0,0,,0.00,0.00,,,0,0,Matches,d4b73232
303,Alexis Mac Allister,ar ARG,MF,Liverpool,26,1998,29.5,2,52,12,23.1,1.76,0.41,0.04,0.17,0,0,Matches,83d074ff
304,Ibrahima Konaté,fr FRA,DF,Liverpool,26,1999,34.3,1,12,4,33.3,0.35,0.12,0.08,0.25,0,0,Matches,5ed9b537
305,Milos Kerkez,hu HUN,DF,Liverpool,21,2003,25.1,2,9,2,22.2,0.36,0.08,0.22,1.00,0,0,Matches,0ad53bdc
306,Curtis Jones,eng ENG,MFDF,Liverpool,24,2001,21.5,1,22,7,31.8,1.02,0.33,0.05,0.14,0,0,Matches,4fb9c88f
307,Alexander Isak,se SWE,FW,Liverpool,25,1999,7.8,3,17,6,35.3,2.19,0.77,0.18,0.50,0,0,Matches,8e92be30
308,Ryan Gravenberch,nl NED,MF,Liverpool,23,2002,33.2,5,38,13,34.2,1.14,0.39,0.13,0.38,0,0,Matches,b8e740fb
309,Joe Gomez,eng ENG,DF,Liverpool,28,1997,6.7,0,5,1,20.0,0.74,0.15,0.00,0.00,0,0,Matches,7a11550b
310,Cody Gakpo,nl NED,MFFW,Liverpool,26,1999,30.4,7,87,21,24.1,2.86,0.69,0.08,0.33,0,0,Matches,1971591f
311,Jeremie Frimpong,nl NED,DFMF,Liverpool,24,2000,11.6,0,10,2,20.0,0.87,0.17,0.00,0.00,0,0,Matches,74f2e748
312,Wataru Endo,jp JPN,DF,Liverpool,32,1993,1.9,0,1,0,0.0,0.51,0.00,0.00,,0,0,Matches,c149016b
313,Harvey Elliott,eng ENG,FWMF,Liverpool,22,2003,0.0,0,0,0,,0.00,0.00,,,0,0,Matches,b9e1436c
314,Hugo Ekitike,fr FRA,FW,Liverpool,23,2002,20.0,11,65,19,29.2,3.24,0.95,0.17,0.58,0,0,Matches,5b92d896
315,Federico Chiesa,it ITA,MF,Liverpool,27,1997,3.8,2,17,5,29.4,4.51,1.33,0.12,0.40,0,0,Matches,b0f7e36c
316,Conor Bradley,nir NIR,DF,Liverpool,22,2003,10.3,0,6,0,0.0,0.58,0.00,0.00,,0,0,Matches,bbd67769
317,Alisson,br BRA,GK,Liverpool,32,1992,26.0,0,0,0,,0.00,0.00,,,0,0,Matches,7a2e46a8
318,James Trafford,eng ENG,GK,Manchester City,22,2002,4.0,0,0,0,,0.00,0.00,,,0,0,Matches,259fea27
319,John Stones,eng ENG,DF,Manchester City,31,1994,4.9,0,0,0,,0.00,0.00,,,0,0,Matches,5eecec3d
320,Bernardo Silva,pt POR,MF,Manchester City,30,1994,31.9,2,30,7,23.3,0.94,0.22,0.07,0.29,0,0,Matches,3eb22ec9
321,Antoine Semenyo,gh GHA,MFFW,Manchester City,25,2000,15.5,7,34,14,41.2,2.19,0.90,0.21,0.50,0,0,Matches,efd2ec23
322,Sávio,br BRA,MF,Manchester City,21,2004,9.3,1,20,11,55.0,2.16,1.19,0.05,0.09,0,0,Matches,fe6e7156
323,Rodri,es ESP,MF,Manchester City,29,1996,16.8,1,16,3,18.8,0.95,0.18,0.06,0.33,0,0,Matches,6434f10d
324,Tijjani Reijnders,nl NED,MF,Manchester City,27,1998,18.1,5,49,16,32.7,2.70,0.88,0.10,0.31,0,0,Matches,afb61630
325,Nico O'Reilly,eng ENG,DFMF,Manchester City,20,2005,29.4,5,41,15,36.6,1.39,0.51,0.12,0.33,0,0,Matches,91ca4a16
326,Matheus Nunes,pt POR,DF,Manchester City,26,1998,31.8,1,7,2,28.6,0.22,0.06,0.14,0.50,0,0,Matches,e6af02e0
327,Divine Mukasa,eng ENG,MF,Manchester City,17,2007,0.3,0,0,0,,0.00,0.00,,,0,0,Matches,ce7ae86a
328,Omar Marmoush,eg EGY,FWMF,Manchester City,26,1999,7.8,3,30,9,30.0,3.86,1.16,0.10,0.33,0,0,Matches,0e0102eb
329,Rico Lewis,eng ENG,DF,Manchester City,20,2004,4.5,0,3,0,0.0,0.66,0.00,0.00,,0,0,Matches,b57e066e
330,Mateo Kovačić,hr CRO,MF,Manchester City,31,1994,1.4,0,2,0,0.0,1.38,0.00,0.00,,0,0,Matches,79c0821a
331,Abdukodir Khusanov,uz UZB,DF,Manchester City,21,2004,15.9,0,7,1,14.3,0.44,0.06,0.00,0.00,0,0,Matches,d17ce930
332,Erling Haaland,no NOR,FW,Manchester City,25,2000,32.8,27,126,59,46.8,3.84,1.80,0.19,0.41,3,4,Matches,1f44ac21
333,Joško Gvardiol,hr CRO,DF,Manchester City,23,2002,15.2,2,17,6,35.3,1.12,0.39,0.12,0.33,0,0,Matches,5ad50391
334,Marc Guéhi,eng ENG,DF,Manchester City,25,2000,15.0,1,17,5,29.4,1.13,0.33,0.06,0.20,0,0,Matches,d0706b27
335,Nicolás González,es ESP,MF,Manchester City,23,2002,17.4,1,14,2,14.3,0.80,0.11,0.07,0.50,0,0,Matches,2c56a792
336,Phil Foden,eng ENG,MF,Manchester City,25,2000,23.2,7,55,19,34.5,2.37,0.82,0.13,0.37,0,0,Matches,ed1e53f3
337,Gianluigi Donnarumma,it ITA,GK,Manchester City,26,1999,34.0,0,0,0,,0.00,0.00,,,0,0,Matches,08f5afaa
338,Jeremy Doku,be BEL,MFFW,Manchester City,23,2002,19.8,5,39,15,38.5,1.97,0.76,0.13,0.33,0,0,Matches,fffea3e5
339,Rúben Dias,pt POR,DF,Manchester City,28,1997,23.8,2,10,4,40.0,0.42,0.17,0.20,0.50,0,0,Matches,31c69ef1
340,Rayan Cherki,fr FRA,MF,Manchester City,21,2003,19.8,4,55,13,23.6,2.77,0.66,0.07,0.31,0,0,Matches,b34c63a5
341,Oscar Bobb,no NOR,MFFW,Manchester City,22,2003,5.2,0,4,0,0.0,0.77,0.00,0.00,,0,0,Matches,eed2427e
342,Max Alleyne,eng ENG,DF,Manchester City,20,2005,1.5,0,2,1,50.0,1.33,0.67,0.00,0.00,0,0,Matches,defcfd32
343,Nathan Aké,nl NED,DF,Manchester City,30,1995,7.7,0,7,1,14.3,0.91,0.13,0.00,0.00,0,0,Matches,eaeca114
344,Rayan Aït-Nouri,dz ALG,DF,Manchester City,24,2001,10.8,0,10,2,20.0,0.92,0.18,0.00,0.00,0,0,Matches,9b398aea
345,Joshua Zirkzee,nl NED,FWMF,Manchester Utd,24,2001,7.0,2,25,9,36.0,3.59,1.29,0.08,0.22,0,0,Matches,028e70b9
346,Leny Yoro,fr FRA,DF,Manchester Utd,19,2005,19.3,0,9,3,33.3,0.47,0.16,0.00,0.00,0,0,Matches,6763f716
347,Manuel Ugarte,uy URU,MF,Manchester Utd,24,2001,9.9,0,13,1,7.7,1.32,0.10,0.00,0.00,0,0,Matches,c9817014
348,Luke Shaw,eng ENG,DF,Manchester Utd,30,1995,35.8,1,10,3,30.0,0.28,0.08,0.10,0.33,0,0,Matches,9c94165b
349,Benjamin Šeško,si SVN,FW,Manchester Utd,22,2003,18.3,11,61,34,55.7,3.34,1.86,0.18,0.32,0,0,Matches,3260690c
350,Mason Mount,eng ENG,MF,Manchester Utd,26,1999,11.3,3,19,5,26.3,1.68,0.44,0.16,0.60,0,0,Matches,9674002f
351,Bryan Mbeumo,cm CMR,MFFW,Manchester Utd,25,1999,29.0,11,73,32,43.8,2.52,1.10,0.15,0.34,0,0,Matches,6afaebf2
352,Noussair Mazraoui,ma MAR,DFMF,Manchester Utd,27,1997,10.9,0,5,0,0.0,0.46,0.00,0.00,,0,0,Matches,b74277a0
353,Lisandro Martínez,ar ARG,DF,Manchester Utd,27,1998,13.7,0,5,0,0.0,0.36,0.00,0.00,,0,0,Matches,bac46a10
354,Bendito Mantato,eng ENG,MF,Manchester Utd,17,2008,0.2,0,0,0,,0.00,0.00,,,0,0,Matches,e8a55b80
355,Tyrell Malacia,nl NED,DF,Manchester Utd,25,1999,0.2,0,0,0,,0.00,0.00,,,0,0,Matches,6b6c793c
356,Kobbie Mainoo,eng ENG,MF,Manchester Utd,20,2005,18.5,1,13,3,23.1,0.70,0.16,0.08,0.33,0,0,Matches,c6220452
357,Harry Maguire,eng ENG,DF,Manchester Utd,32,1993,18.4,1,14,4,28.6,0.76,0.22,0.07,0.25,0,0,Matches,d8931174
358,Matthijs de Ligt,nl NED,DF,Manchester Utd,25,1999,13.0,1,11,3,27.3,0.85,0.23,0.09,0.33,0,0,Matches,d6e53a3a
359,Senne Lammens,be BEL,GK,Manchester Utd,23,2002,32.0,0,0,0,,0.00,0.00,,,0,0,Matches,8e6d2fcd
360,Shea Lacey,eng ENG,FW,Manchester Utd,18,2007,0.5,0,4,1,25.0,8.37,2.09,0.00,0.00,0,0,Matches,3160e952
361,Ayden Heaven,eng ENG,DF,Manchester Utd,18,2006,10.3,0,3,0,0.0,0.29,0.00,0.00,,0,0,Matches,64e17fab
362,Tyler Fredricson,eng ENG,DF,Manchester Utd,20,2005,0.0,0,0,0,,0.00,0.00,,,0,0,Matches,58630379
363,Tyler Fletcher,sct SCO,MF,Manchester Utd,18,2007,0.2,0,0,0,,0.00,0.00,,,0,0,Matches,81a92add
364,Jack Fletcher,eng ENG,MF,Manchester Utd,18,2007,1.2,0,1,0,0.0,0.83,0.00,0.00,,0,0,Matches,38a6c944
365,Bruno Fernandes,pt POR,MF,Manchester Utd,30,1994,34.0,9,85,24,28.2,2.50,0.71,0.06,0.21,4,6,Matches,507c7bdf
366,Patrick Dorgu,dk DEN,MF,Manchester Utd,20,2004,16.1,4,25,11,44.0,1.55,0.68,0.16,0.36,0,0,Matches,e6536124
367,Amad Diallo,ci CIV,MF,Manchester Utd,23,2002,26.0,2,53,23,43.4,2.04,0.88,0.04,0.09,0,0,Matches,9dc96f10
368,Diogo Dalot,pt POR,DFMF,Manchester Utd,26,1999,29.0,1,24,6,25.0,0.83,0.21,0.04,0.17,0,0,Matches,d9565625
369,Matheus Cunha,br BRA,MFFW,Manchester Utd,26,1999,27.7,10,90,35,38.9,3.25,1.26,0.11,0.29,0,0,Matches,dc62b55d
370,Casemiro,br BRA,MF,Manchester Utd,33,1992,28.6,9,52,18,34.6,1.82,0.63,0.17,0.50,0,0,Matches,4d224fe8
371,Altay Bayındır,tr TUR,GK,Manchester Utd,27,1998,6.0,0,0,0,,0.00,0.00,,,0,0,Matches,072e68ed
372,Nick Woltemade,de GER,FWMF,Newcastle,23,2002,21.1,8,32,13,40.6,1.51,0.62,0.22,0.54,1,1,Matches,7ca196eb
373,Yoane Wissa,cd COD,FW,Newcastle,28,1996,5.9,1,13,5,38.5,2.20,0.85,0.08,0.20,0,0,Matches,2500cef9
374,Joe Willock,eng ENG,MF,Newcastle,25,1999,10.9,0,17,6,35.3,1.56,0.55,0.00,0.00,0,0,Matches,a3b03921
375,Kieran Trippier,eng ENG,DF,Newcastle,34,1990,17.6,0,2,0,0.0,0.11,0.00,0.00,,0,0,Matches,21512407
376,Sandro Tonali,it ITA,MF,Newcastle,25,2000,28.2,0,37,8,21.6,1.31,0.28,0.00,0.00,0,0,Matches,0db169ae
377,Malick Thiaw,de GER,DF,Newcastle,23,2001,32.9,4,28,14,50.0,0.85,0.42,0.14,0.29,0,0,Matches,ff5ea0bf
378,Fabian Schär,ch SUI,DF,Newcastle,33,1991,12.1,0,17,4,23.5,1.40,0.33,0.00,0.00,0,0,Matches,c8aa95da
379,Jacob Ramsey,eng ENG,MF,Newcastle,24,2001,16.1,2,16,4,25.0,0.99,0.25,0.13,0.50,0,0,Matches,1544f145
380,Aaron Ramsdale,eng ENG,GK,Newcastle,27,1998,11.2,0,0,0,,0.00,0.00,,,0,0,Matches,466fb2c5
381,Nick Pope,eng ENG,GK,Newcastle,33,1992,26.8,0,1,1,100.0,0.04,0.04,0.00,0.00,0,0,Matches,4b40d9ca
382,William Osula,dk DEN,FW,Newcastle,21,2003,9.1,7,23,12,52.2,2.53,1.32,0.30,0.58,0,0,Matches,7b355808
383,Sean Neave,eng ENG,FW,Newcastle,18,2007,0.2,0,1,0,0.0,6.43,0.00,0.00,,0,0,Matches,ff392864
384,Jacob Murphy,eng ENG,FWMF,Newcastle,30,1995,18.0,3,42,13,31.0,2.34,0.72,0.07,0.23,0,0,Matches,de112b84
385,Alex Murphy,ie IRL,DF,Newcastle,21,2004,0.1,0,0,0,,0.00,0.00,,,0,0,Matches,f1c42eb3
386,Lewis Miley,eng ENG,MFDF,Newcastle,19,2006,16.6,1,12,4,33.3,0.72,0.24,0.08,0.25,0,0,Matches,2c6835e5
387,Tino Livramento,eng ENG,DF,Newcastle,22,2002,14.8,0,3,0,0.0,0.20,0.00,0.00,,0,0,Matches,afed6722
388,Jamaal Lascelles,eng ENG,DF,Newcastle,31,1993,0.2,0,1,0,0.0,4.29,0.00,0.00,,0,0,Matches,450ab6fc
389,Emil Krafth,se SWE,DF,Newcastle,30,1994,0.5,0,0,0,,0.00,0.00,,,0,0,Matches,77cf6852
390,Joelinton,br BRA,MF,Newcastle,28,1996,21.7,2,32,11,34.4,1.48,0.51,0.06,0.18,0,0,Matches,c17bfb65
391,Lewis Hall,eng ENG,DF,Newcastle,20,2004,24.2,1,25,6,24.0,1.03,0.25,0.04,0.17,0,0,Matches,da011f18
392,Bruno Guimarães,br BRA,MF,Newcastle,27,1997,27.3,9,42,23,54.8,1.54,0.84,0.17,0.30,2,2,Matches,82518f62
393,Anthony Gordon,eng ENG,FW,Newcastle,24,2001,19.9,6,48,20,41.7,2.41,1.00,0.06,0.15,3,3,Matches,2bd83368
394,Anthony Elanga,se SWE,FWMF,Newcastle,23,2002,14.7,0,17,4,23.5,1.16,0.27,0.00,0.00,0,0,Matches,2fba6108
395,Dan Burn,eng ENG,DF,Newcastle,33,1992,24.4,1,10,3,30.0,0.41,0.12,0.10,0.33,0,0,Matches,b2d31e83
396,Sven Botman,nl NED,DF,Newcastle,25,2000,20.4,1,15,4,26.7,0.74,0.20,0.07,0.25,0,0,Matches,ccce7025
397,Harvey Barnes,eng ENG,FWMF,Newcastle,27,1997,21.8,7,58,21,36.2,2.66,0.96,0.12,0.33,0,0,Matches,3ea50f67
398,Oleksandr Zinchenko,ua UKR,DF,Nottingham,28,1996,3.9,0,4,2,50.0,1.02,0.51,0.00,0.00,0,0,Matches,51cf8561
399,Ryan Yates,eng ENG,MF,Nottingham,27,1997,6.9,0,9,2,22.2,1.31,0.29,0.00,0.00,0,0,Matches,c1fe2a48
400,Chris Wood,nz NZL,FW,Nottingham,33,1991,10.0,3,23,9,39.1,2.30,0.90,0.13,0.33,0,0,Matches,4e9a0555
401,Neco Williams,wls WAL,DF,Nottingham,24,2001,35.6,2,46,19,41.3,1.29,0.53,0.04,0.11,0,0,Matches,dd323728
402,Jota Silva,pt POR,FW,Nottingham,25,1999,0.1,0,0,0,,0.00,0.00,,,0,0,Matches,4d77e622
403,Matz Sels,be BEL,GK,Nottingham,33,1992,29.6,0,0,0,,0.00,0.00,,,0,0,Matches,834b5c4c
404,Nicolò Savona,it ITA,DF,Nottingham,22,2003,11.4,2,5,3,60.0,0.44,0.26,0.40,0.67,0,0,Matches,e041497d
405,Ibrahim Sangaré,ci CIV,MF,Nottingham,27,1997,23.1,2,16,5,31.3,0.69,0.22,0.13,0.40,0,0,Matches,bced0375
406,Stefan Ortega,de GER,GK,Nottingham,32,1992,3.0,0,0,0,,0.00,0.00,,,0,0,Matches,c1242d4e
407,Luca Netz,de GER,DFMF,Nottingham,22,2003,4.0,0,0,0,,0.00,0.00,,,0,0,Matches,e79269bd
408,Dan Ndoye,ch SUI,MF,Nottingham,24,2000,13.0,1,15,4,26.7,1.15,0.31,0.07,0.25,0,0,Matches,8e697a8f
409,Murillo,br BRA,DF,Nottingham,23,2002,23.7,1,11,4,36.4,0.46,0.17,0.09,0.25,0,0,Matches,1704b0b8
410,Morato,br BRA,DF,Nottingham,24,2001,14.9,1,5,2,40.0,0.33,0.13,0.20,0.50,0,0,Matches,0f41e2ee
411,Nikola Milenković,rs SRB,DF,Nottingham,27,1997,37.5,0,16,1,6.3,0.43,0.03,0.00,0.00,0,0,Matches,bee704fc
412,James Mcatee,eng ENG,MF,Nottingham,22,2002,3.3,0,4,0,0.0,1.21,0.00,0.00,,0,0,Matches,96593e89
413,Douglas Luiz,br BRA,MF,Nottingham,27,1998,3.5,0,5,1,20.0,1.43,0.29,0.00,0.00,0,0,Matches,6f7d826d
414,Lorenzo Lucca,it ITA,FW,Nottingham,24,2000,1.4,1,4,1,25.0,2.79,0.70,0.25,1.00,0,0,Matches,83c06f3a
415,Arnaud Kalimuendo,fr FRA,FW,Nottingham,23,2002,1.1,0,4,1,25.0,3.75,0.94,0.00,0.00,0,0,Matches,bf4c41f9
416,John,br BRA,GK,Nottingham,29,1996,4.9,0,0,0,,0.00,0.00,,,0,0,Matches,33a235af
417,Igor Jesus,br BRA,FW,Nottingham,24,2001,25.5,6,70,21,30.0,2.74,0.82,0.07,0.24,1,1,Matches,dbe24cce
418,Omari Hutchinson,eng ENG,MF,Nottingham,21,2003,18.8,1,25,11,44.0,1.33,0.59,0.04,0.09,0,0,Matches,bd9553e6
419,Callum Hudson-Odoi,eng ENG,MF,Nottingham,24,2000,20.5,3,30,10,33.3,1.47,0.49,0.10,0.30,0,0,Matches,15f3ec41
420,Angus Gunn,sct SCO,GK,Nottingham,29,1996,0.5,0,0,0,,0.00,0.00,,,0,0,Matches,e082af5b
421,Morgan Gibbs-White,eng ENG,MF,Nottingham,25,2000,34.4,15,83,32,38.6,2.41,0.93,0.17,0.44,1,1,Matches,32f60ed8
422,Nicolás Domínguez,ar ARG,MF,Nottingham,27,1998,13.1,1,18,5,27.8,1.38,0.38,0.06,0.20,0,0,Matches,20b3a502
423,Jair Cunha,br BRA,DF,Nottingham,20,2005,5.7,0,3,1,33.3,0.52,0.17,0.00,0.00,0,0,Matches,ac31d35e
424,Dilane Bakwa,fr FRA,MF,Nottingham,22,2002,6.1,0,9,3,33.3,1.46,0.49,0.00,0.00,0,0,Matches,2b5a35e5
425,Taiwo Awoniyi,ng NGA,FW,Nottingham,27,1997,5.5,4,15,8,53.3,2.73,1.46,0.27,0.50,0,0,Matches,e5478b87
426,Elliot Anderson,eng ENG,MF,Nottingham,22,2002,37.0,4,44,10,22.7,1.19,0.27,0.07,0.30,1,1,Matches,de31038e
427,Ola Aina,ng NGA,DF,Nottingham,28,1996,17.6,0,12,1,8.3,0.68,0.06,0.00,0.00,0,0,Matches,246d153b
428,Zach Abbott,eng ENG,DF,Nottingham,19,2006,1.8,0,0,0,,0.00,0.00,,,0,0,Matches,c103921a
429,Granit Xhaka,ch SUI,MF,Sunderland,32,1992,32.3,1,21,5,23.8,0.65,0.15,0.05,0.20,0,0,Matches,e61b8aee
430,Bertrand Traoré,bf BFA,MFFW,Sunderland,29,1995,7.0,1,12,6,50.0,1.71,0.85,0.08,0.17,0,0,Matches,c47541e0
431,Chemsdine Talbi,ma MAR,MFFW,Sunderland,20,2005,17.3,4,25,10,40.0,1.44,0.58,0.16,0.40,0,0,Matches,47ce793b
432,Jocelin Ta Bi,ci CIV,MF,Sunderland,20,2005,0.4,0,0,0,,0.00,0.00,,,0,0,Matches,1f019509
433,Jenson Seelt,nl NED,DF,Sunderland,22,2003,1.5,0,0,0,,0.00,0.00,,,0,0,Matches,ec75ee25
434,Noah Sadiki,cd COD,MF,Sunderland,20,2004,32.1,0,19,5,26.3,0.59,0.16,0.00,0.00,0,0,Matches,645481cc
435,Robin Roefs,nl NED,GK,Sunderland,22,2003,35.0,0,0,0,,0.00,0.00,,,0,0,Matches,349fa918
436,Patrick Roberts,eng ENG,FWMF,Sunderland,28,1997,0.3,0,1,0,0.0,3.21,0.00,0.00,,0,0,Matches,59d93937
437,Chris Rigg,eng ENG,MF,Sunderland,18,2007,8.5,1,12,3,25.0,1.42,0.35,0.08,0.33,0,0,Matches,35741fe2
438,Luke O'Nien,eng ENG,DF,Sunderland,30,1994,6.3,0,4,1,25.0,0.63,0.16,0.00,0.00,0,0,Matches,8092d497
439,Dan Neil,eng ENG,MF,Sunderland,23,2001,0.2,0,0,0,,0.00,0.00,,,0,0,Matches,a47ad0f5
440,Romaine Mundle,eng ENG,MF,Sunderland,22,2003,4.6,0,7,2,28.6,1.53,0.44,0.00,0.00,0,0,Matches,597610cd
441,Nordi Mukiele,fr FRA,DF,Sunderland,27,1997,30.9,3,26,4,15.4,0.84,0.13,0.12,0.75,0,0,Matches,ac73ec79
442,Eliezer Mayenda,es ESP,FWMF,Sunderland,20,2005,8.4,2,13,6,46.2,1.54,0.71,0.15,0.33,0,0,Matches,6a021e43
443,Arthur Masuaku,cd COD,DF,Sunderland,31,1993,1.4,0,1,0,0.0,0.71,0.00,0.00,,0,0,Matches,57df7a11
444,Reinildo Mandava,mz MOZ,DF,Sunderland,31,1994,21.8,0,4,0,0.0,0.18,0.00,0.00,,0,0,Matches,c20bdcd7
445,Enzo Le Fée,fr FRA,MFFW,Sunderland,25,2000,32.6,5,36,12,33.3,1.11,0.37,0.06,0.17,3,4,Matches,6f806d99
446,Wilson Isidor,ht HAI,FW,Sunderland,24,2000,12.9,6,43,17,39.5,3.32,1.31,0.14,0.35,0,0,Matches,a671316d
447,Trai Hume,nir NIR,DFMF,Sunderland,23,2002,33.7,2,34,7,20.6,1.01,0.21,0.06,0.29,0,0,Matches,4fa3a3a4
448,Marc Guiu,es ESP,FW,Sunderland,19,2006,0.2,0,1,0,0.0,6.00,0.00,0.00,,0,0,Matches,d3d774cc
449,Lutsharel Geertruida,nl NED,DFMF,Sunderland,25,2000,18.8,0,11,3,27.3,0.58,0.16,0.00,0.00,0,0,Matches,242e1043
450,Melker Ellborg,se SWE,GK,Sunderland,22,2003,3.0,0,0,0,,0.00,0.00,,,0,0,Matches,013d348e
451,Habib Diarra,sn SEN,MF,Sunderland,21,2004,15.6,2,26,8,30.8,1.67,0.51,0.04,0.13,1,1,Matches,6d0fe035
452,Dennis Cirkin,lv LVA,DF,Sunderland,23,2002,3.6,0,1,0,0.0,0.28,0.00,0.00,,0,0,Matches,307ea3b6
453,Brian Brobbey,nl NED,FW,Sunderland,23,2002,21.4,7,36,18,50.0,1.68,0.84,0.19,0.39,0,0,Matches,4c184730
454,Daniel Ballard,nir NIR,DF,Sunderland,25,1999,23.9,2,26,9,34.6,1.09,0.38,0.08,0.22,0,0,Matches,38f300f3
455,Nilson Angulo,ec ECU,MF,Sunderland,22,2003,4.5,0,7,3,42.9,1.56,0.67,0.00,0.00,0,0,Matches,a9b9d89c
456,Omar Alderete,py PAR,DF,Sunderland,28,1996,31.1,1,24,9,37.5,0.77,0.29,0.04,0.11,0,0,Matches,bb08bce9
457,Simon Adingra,ci CIV,MFFW,Sunderland,23,2002,7.3,1,6,2,33.3,0.83,0.28,0.17,0.50,0,0,Matches,4dcec659
458,Guglielmo Vicario,it ITA,GK,Tottenham,28,1996,31.0,0,0,0,,0.00,0.00,,,0,0,Matches,77d6fd4d
459,Micky van de Ven,nl NED,DF,Tottenham,24,2001,33.8,4,16,6,37.5,0.47,0.18,0.25,0.67,0,0,Matches,8fe2a392
460,Destiny Udogie,it ITA,DFMF,Tottenham,22,2002,14.9,0,4,1,25.0,0.27,0.07,0.00,0.00,0,0,Matches,7cd520e8
461,Mathys Tel,fr FRA,MFFW,Tottenham,20,2005,15.0,4,35,8,22.9,2.34,0.53,0.11,0.50,0,0,Matches,829aa60c
462,Djed Spence,eng ENG,DFMF,Tottenham,24,2000,22.8,0,13,8,61.5,0.57,0.35,0.00,0.00,0,0,Matches,9bc9a519
463,Souza,br BRA,MF,Tottenham,19,2006,1.6,0,1,1,100.0,0.62,0.62,0.00,0.00,0,0,Matches,10b0c6f4
464,Dominic Solanke,eng ENG,FW,Tottenham,27,1997,11.1,3,20,11,55.0,1.80,0.99,0.15,0.27,0,0,Matches,e77dc3b2
465,Xavi Simons,nl NED,MFFW,Tottenham,22,2003,19.5,2,42,10,23.8,2.15,0.51,0.05,0.20,0,0,Matches,da4d670f
466,Dane Scarlett,eng ENG,FW,Tottenham,21,2004,0.1,0,0,0,,0.00,0.00,,,0,0,Matches,21945a9e
467,James Rowswell,eng ENG,DF,Tottenham,19,2006,0.0,0,0,0,,0.00,0.00,,,0,0,Matches,419147f7
468,Cristian Romero,ar ARG,DF,Tottenham,27,1998,20.8,4,17,6,35.3,0.82,0.29,0.24,0.67,0,0,Matches,a3d94a58
469,Richarlison,br BRA,FWMF,Tottenham,28,1997,21.8,11,61,26,42.6,2.80,1.19,0.18,0.42,0,0,Matches,fa031b34
470,Pedro Porro,es ESP,DF,Tottenham,25,1999,31.1,1,32,8,25.0,1.03,0.26,0.03,0.13,0,0,Matches,27d0a506
471,João Palhinha,pt POR,MF,Tottenham,30,1995,24.4,5,33,9,27.3,1.35,0.37,0.15,0.56,0,0,Matches,a78ff07f
472,Callum Olusesi,eng ENG,MF,Tottenham,18,2007,0.2,0,0,0,,0.00,0.00,,,0,0,Matches,d6455444
473,Wilson Odobert,fr FRA,MFFW,Tottenham,20,2004,10.9,0,21,8,38.1,1.92,0.73,0.00,0.00,0,0,Matches,35516eac
474,Pape Matar Sarr,sn SEN,MF,Tottenham,22,2002,15.5,2,17,6,35.3,1.09,0.39,0.12,0.33,0,0,Matches,feb5d972
475,James Maddison,eng ENG,FWMF,Tottenham,28,1996,0.4,0,2,0,0.0,4.86,0.00,0.00,,0,0,Matches,ee38d9c5
476,Mohammed Kudus,gh GHA,MFFW,Tottenham,24,2000,17.1,2,26,9,34.6,1.52,0.53,0.08,0.22,0,0,Matches,b62878a5
477,Randal Kolo Muani,fr FRA,FWMF,Tottenham,26,1998,18.5,1,20,4,20.0,1.08,0.22,0.05,0.25,0,0,Matches,c0b3669f
478,Antonín Kinský,cz CZE,GK,Tottenham,22,2003,7.0,0,0,0,,0.00,0.00,,,0,0,Matches,b38ac6a4
479,Brennan Johnson,wls WAL,MFFW,Tottenham,24,2001,6.8,2,6,2,33.3,0.89,0.30,0.33,1.00,0,0,Matches,0cd31129
480,Archie Gray,eng ENG,MFDF,Tottenham,19,2006,16.4,2,11,5,45.5,0.67,0.30,0.18,0.40,0,0,Matches,f58515f5
481,Conor Gallagher,eng ENG,MF,Tottenham,25,2000,13.2,1,11,4,36.4,0.84,0.30,0.09,0.25,0,0,Matches,c2731c10
482,Radu Drăgușin,ro ROU,DF,Tottenham,23,2002,5.7,0,4,0,0.0,0.70,0.00,0.00,,0,0,Matches,620922ed
483,Ben Davies,wls WAL,DF,Tottenham,32,1993,1.5,1,2,2,100.0,1.31,1.31,0.50,0.50,0,0,Matches,44781702
484,Kevin Danso,at AUT,DF,Tottenham,26,1998,16.6,0,11,2,18.2,0.66,0.12,0.00,0.00,0,0,Matches,6e33125f
485,Jun'ai Byfield,eng ENG,DF,Tottenham,16,2008,0.0,0,0,0,,0.00,0.00,,,0,0,Matches,0312881b
486,Yves Bissouma,ml MLI,MF,Tottenham,28,1996,6.7,0,5,2,40.0,0.75,0.30,0.00,0.00,0,0,Matches,6c203af0
487,Lucas Bergvall,se SWE,MF,Tottenham,19,2006,10.7,1,12,5,41.7,1.12,0.47,0.08,0.20,0,0,Matches,a109e5c8
488,Rodrigo Bentancur,uy URU,MF,Tottenham,28,1997,20.9,1,13,3,23.1,0.62,0.14,0.08,0.33,0,0,Matches,3b8674e6
489,Callum Wilson,eng ENG,FW,West Ham,33,1992,13.9,7,38,16,42.1,2.73,1.15,0.18,0.44,0,0,Matches,c596fcb0
490,James Ward-Prowse,eng ENG,MF,West Ham,30,1994,4.6,0,2,0,0.0,0.44,0.00,0.00,,0,0,Matches,3515d404
491,Aaron Wan-Bissaka,cd COD,DFMF,West Ham,27,1997,23.1,0,0,0,,0.00,0.00,,,0,0,Matches,9e525177
492,Kyle Walker-Peters,eng ENG,DF,West Ham,28,1997,15.4,1,5,3,60.0,0.33,0.20,0.20,0.33,0,0,Matches,984a5a64
493,Adama Traoré,es ESP,FWMF,West Ham,29,1996,1.3,0,2,0,0.0,1.49,0.00,0.00,,0,0,Matches,9a28eba4
494,Jean-Clair Todibo,fr FRA,DF,West Ham,25,1999,20.2,0,2,0,0.0,0.10,0.00,0.00,,0,0,Matches,88f130ed
495,Crysencio Summerville,nl NED,MFFW,West Ham,23,2001,27.4,5,54,15,27.8,1.97,0.55,0.09,0.33,0,0,Matches,df04eb4b
496,Tomáš Souček,cz CZE,MF,West Ham,30,1995,24.4,5,26,14,53.8,1.06,0.57,0.19,0.36,0,0,Matches,6613c819
497,Oliver Scarles,eng ENG,DFMF,West Ham,19,2005,7.3,0,3,0,0.0,0.41,0.00,0.00,,0,0,Matches,242e5e6d
498,Guido Rodríguez,ar ARG,MF,West Ham,31,1994,2.0,0,1,0,0.0,0.50,0.00,0.00,,0,0,Matches,34e393f2
499,Freddie Potts,eng ENG,MF,West Ham,21,2003,13.0,0,3,1,33.3,0.23,0.08,0.00,0.00,0,0,Matches,86bf27f0
500,Lucas Paquetá,br BRA,MFFW,West Ham,27,1997,16.8,4,23,11,47.8,1.37,0.66,0.09,0.18,2,2,Matches,9b6f7fd5
501,Pablo,br BRA,MFFW,West Ham,21,2004,9.1,0,12,3,25.0,1.31,0.33,0.00,0.00,0,0,Matches,866ba412
502,Ezra Mayers,bb BRB,DF,West Ham,18,2007,1.3,0,1,0,0.0,0.77,0.00,0.00,,0,0,Matches,9a85a651
503,Konstantinos Mavropanos,gr GRE,DF,West Ham,27,1997,28.2,3,23,8,34.8,0.82,0.28,0.13,0.38,0,0,Matches,00963611
504,Callum Marshall,nir NIR,FW,West Ham,20,2004,0.7,0,1,0,0.0,1.50,0.00,0.00,,0,0,Matches,3a27f1bf
505,Soungoutou Magassa,fr FRA,MF,West Ham,21,2003,10.9,1,7,2,28.6,0.64,0.18,0.14,0.50,0,0,Matches,dfc5d4fa
506,Max Kilman,eng ENG,DF,West Ham,28,1997,17.3,0,7,1,14.3,0.40,0.06,0.00,0.00,0,0,Matches,d0f72bf1
507,Mohamadou Kanté,fr FRA,MF,West Ham,19,2005,0.8,0,2,0,0.0,2.40,0.00,0.00,,0,0,Matches,0041f3e6
508,Andy Irving,sct SCO,MF,West Ham,25,2000,1.8,0,0,0,,0.00,0.00,,,0,0,Matches,b1be9fc0
509,Igor,br BRA,DF,West Ham,27,1998,1.2,0,0,0,,0.00,0.00,,,0,0,Matches,a4e85758
510,Mads Hermansen,dk DEN,GK,West Ham,25,2000,18.0,0,0,0,,0.00,0.00,,,0,0,Matches,c924b17d
511,Luis Guilherme,br BRA,FW,West Ham,19,2006,1.4,0,1,0,0.0,0.72,0.00,0.00,,0,0,Matches,b7672d43
512,Niclas Füllkrug,de GER,FW,West Ham,32,1993,4.5,0,9,3,33.3,1.98,0.66,0.00,0.00,0,0,Matches,4f16405e
513,Mateus Fernandes,pt POR,MF,West Ham,21,2004,33.5,3,28,8,28.6,0.84,0.24,0.11,0.38,0,0,Matches,ef491564
514,George Earthy,eng ENG,MF,West Ham,20,2004,0.1,0,0,0,,0.00,0.00,,,0,0,Matches,123d2733
515,Axel Disasi,fr FRA,DF,West Ham,27,1998,13.9,0,5,3,60.0,0.36,0.22,0.00,0.00,0,0,Matches,ad82197c
516,El Hadji Malick Diouf,sn SEN,DFMF,West Ham,20,2004,30.1,0,18,4,22.2,0.60,0.13,0.00,0.00,0,0,Matches,bd5eb2e5
517,Valentín Castellanos,ar ARG,FW,West Ham,26,1998,15.4,6,50,22,44.0,3.25,1.43,0.12,0.27,0,0,Matches,da76bab4
518,Jarrod Bowen,eng ENG,MFFW,West Ham,28,1996,37.8,9,79,28,35.4,2.09,0.74,0.10,0.29,1,1,Matches,79c84d1c
519,Alphonse Areola,fr FRA,GK,West Ham,32,1993,20.0,0,0,0,,0.00,0.00,,,0,0,Matches,2f965a72
520,Nayef Aguerd,ma MAR,DF,West Ham,29,1996,2.0,0,2,0,0.0,1.00,0.00,0.00,,0,0,Matches,288e1e13
521,Jackson Tchatchoua,cm CMR,MFDF,Wolves,23,2001,20.5,0,3,1,33.3,0.15,0.05,0.00,0.00,0,0,Matches,aeca7743
522,Jørgen Strand Larsen,no NOR,FW,Wolves,25,2000,15.6,1,21,7,33.3,1.35,0.45,0.00,0.00,1,2,Matches,f553b2b3
523,José Sá,pt POR,GK,Wolves,32,1993,23.0,0,0,0,,0.00,0.00,,,0,0,Matches,903b6e8b
524,David Møller Wolfe,no NOR,MFDF,Wolves,23,2002,11.7,0,3,0,0.0,0.26,0.00,0.00,,0,0,Matches,9affc5f2
525,Marshall Munetsi,zw ZIM,MFFW,Wolves,29,1996,9.7,1,14,6,42.9,1.44,0.62,0.07,0.17,0,0,Matches,2acf0cd7
526,Yerson Mosquera,co COL,DF,Wolves,24,2001,23.7,0,30,6,20.0,1.26,0.25,0.00,0.00,0,0,Matches,1e159d70
527,Mateus Mane,pt POR,MF,Wolves,17,2007,19.9,3,41,17,41.5,2.06,0.85,0.07,0.18,0,0,Matches,c15cb409
528,Fer López,es ESP,MF,Wolves,21,2004,2.6,0,5,1,20.0,1.91,0.38,0.00,0.00,0,0,Matches,675cacff
529,Pedro Lima,br BRA,MF,Wolves,19,2006,2.9,0,4,1,25.0,1.38,0.35,0.00,0.00,0,0,Matches,b2f4cad5
530,Ladislav Krejčí,cz CZE,DFMF,Wolves,26,1999,26.2,2,21,10,47.6,0.80,0.38,0.10,0.20,0,0,Matches,5b5c2228
531,Saša Kalajdžić,at AUT,FWMF,Wolves,28,1997,0.2,0,0,0,,0.00,0.00,,,0,0,Matches,15f24fe7
532,Sam Johnstone,eng ENG,GK,Wolves,32,1993,12.0,0,0,0,,0.00,0.00,,,0,0,Matches,9e5708be
533,Ki-Jana Hoever,nl NED,MFDF,Wolves,23,2002,4.7,0,1,1,100.0,0.21,0.21,0.00,0.00,0,0,Matches,9a71e978
534,Hwang Hee-chan,kr KOR,FWMF,Wolves,29,1996,16.1,2,19,6,31.6,1.18,0.37,0.05,0.17,1,1,Matches,169fd162
535,Toti Gomes,pt POR,DF,Wolves,26,1999,15.8,0,5,2,40.0,0.32,0.13,0.00,0.00,0,0,Matches,f0caab96
536,Rodrigo Gomes,pt POR,MFFW,Wolves,22,2003,10.7,3,20,6,30.0,1.87,0.56,0.15,0.50,0,0,Matches,8dcf77c0
537,João Gomes,br BRA,MF,Wolves,24,2001,31.4,1,19,7,36.8,0.60,0.22,0.05,0.14,0,0,Matches,8b57ad2c
538,Angel Gomes,eng ENG,MFFW,Wolves,24,2000,5.1,0,6,2,33.3,1.17,0.39,0.00,0.00,0,0,Matches,645a3363
539,Tom Edozie,eng ENG,MF,Wolves,19,2006,0.2,1,2,1,50.0,12.86,6.43,0.50,1.00,0,0,Matches,3354ea94
540,Matt Doherty,ie IRL,DFMF,Wolves,33,1992,8.7,0,3,0,0.0,0.34,0.00,0.00,,0,0,Matches,d557d734
541,Tawanda Chirewa,zw ZIM,MF,Wolves,21,2003,0.3,0,0,0,,0.00,0.00,,,0,0,Matches,34721c11
542,Santiago Bueno,uy URU,DF,Wolves,26,1998,28.4,3,10,7,70.0,0.35,0.25,0.30,0.43,0,0,Matches,edc98fac
543,Hugo Bueno,es ESP,MFDF,Wolves,22,2002,26.3,1,16,6,37.5,0.61,0.23,0.06,0.17,0,0,Matches,bfc3b3a0
544,Daniel Bentley,eng ENG,GK,Wolves,32,1993,3.0,0,0,0,,0.00,0.00,,,0,0,Matches,68db6358
545,Jean-Ricner Bellegarde,ht HAI,MFFW,Wolves,27,1998,13.9,1,21,7,33.3,1.51,0.50,0.05,0.14,0,0,Matches,10f0fdd3
546,Tolu Arokodare,ng NGA,FW,Wolves,24,2000,15.8,3,46,16,34.8,2.92,1.01,0.07,0.19,0,1,Matches,a42760bc
547,Adam Armstrong,eng ENG,FWMF,Wolves,28,1997,12.7,2,18,6,33.3,1.42,0.47,0.06,0.17,1,1,Matches,68c720b5
548,Jhon Arias,co COL,FWMF,Wolves,27,1997,12.5,1,16,3,18.8,1.28,0.24,0.06,0.33,0,0,Matches,86d96066
549,André,br BRA,MF,Wolves,24,2001,30.7,1,15,1,6.7,0.49,0.03,0.07,1.00,0,0,Matches,ec604e2c
550,Emmanuel Agbadou,ci CIV,DF,Wolves,28,1997,12.2,0,10,3,30.0,0.82,0.25,0.00,0.00,0,0,Matches,75f1ed80
551,Jerome Abbey,eng ENG,MF,Wolves,15,2009,0.2,0,0,0,,0.00,0.00,,,0,0,Matches,4f504fcc