"number";"player";"team";"xG";"NPxG";"xA";"xGChain";"xGBuildup";"xG90";"NPxG90";"xA90";"xG90xA90";"NPxG90xA90";"xGChain90";"xGBuildup90"
1;"Erling Haaland";"Manchester City";28.8;25.75;5.51;32.74;5.16;0.87;0.78;0.17;1.04;0.94;0.99;0.16
2;"Thiago";"Brentford";24.69;17.84;3.45;22.69;4.93;0.67;0.49;0.09;0.77;0.58;0.62;0.13
3;"Antoine Semenyo";"Bournemouth,Manchester City";12.84;11.31;4.13;20.87;7.89;0.36;0.32;0.12;0.47;0.43;0.58;0.22
4;"Ollie Watkins";"Aston Villa";18.83;18.83;2.82;21.75;4.34;0.58;0.58;0.09;0.67;0.67;0.67;0.13
5;"Morgan Gibbs-White";"Nottingham Forest";11.67;10.91;4.5;17.27;5.41;0.33;0.31;0.13;0.46;0.44;0.49;0.16
6;"João Pedro";"Chelsea";15.72;15.72;3.98;19.28;4.8;0.52;0.52;0.13;0.66;0.66;0.64;0.16
7;"Dominic Calvert-Lewin";"Leeds";18.67;14.87;1.54;18.03;2.77;0.62;0.49;0.05;0.67;0.54;0.59;0.09
8;"Viktor Gyokeres";"Arsenal";13.87;11.59;2.65;14.78;3.26;0.55;0.46;0.11;0.66;0.57;0.59;0.13
9;"Danny Welbeck";"Brighton";12.72;10.44;2.26;14.98;4.8;0.5;0.41;0.09;0.59;0.5;0.59;0.19
10;"Eli Junior Kroupi";"Bournemouth";8.85;7.33;1.82;11.66;5.08;0.47;0.39;0.1;0.56;0.48;0.61;0.27
11;"Jean-Philippe Mateta";"Crystal Palace";15.98;12.93;1.25;15.17;2.39;0.65;0.52;0.05;0.7;0.57;0.61;0.1
12;"Richarlison";"Tottenham";9.87;9.87;3.41;11.19;2.26;0.46;0.46;0.16;0.62;0.62;0.52;0.11
13;"Bryan Mbeumo";"Manchester United";13.31;13.31;5.09;22.32;6.07;0.45;0.45;0.17;0.62;0.62;0.75;0.2
14;"Hugo Ekitike";"Liverpool";11.93;11.93;2.49;16.32;4.89;0.59;0.59;0.12;0.71;0.71;0.8;0.24
15;"Benjamin Sesko";"Manchester United";12.5;12.5;0.6;14.23;1.63;0.69;0.69;0.03;0.72;0.72;0.78;0.09
16;"Zian Flemming";"Burnley";9.55;8.03;0.68;7.83;1.72;0.48;0.4;0.03;0.51;0.44;0.39;0.09
17;"Harry Wilson";"Fulham";5.76;5.76;5.5;11.09;4.13;0.19;0.19;0.18;0.37;0.37;0.36;0.14
18;"Matheus Cunha";"Manchester United";7.08;7.08;3.7;17.6;10.04;0.25;0.25;0.13;0.39;0.39;0.63;0.36
19;"Cole Palmer";"Chelsea";10.26;5.69;2.12;16.86;10.54;0.46;0.26;0.1;0.56;0.35;0.76;0.47
20;"Enzo Fernández";"Chelsea";11.92;10.39;8.87;27.9;16.16;0.34;0.3;0.25;0.59;0.55;0.8;0.46
21;"Morgan Rogers";"Aston Villa";7.15;7.15;7.48;18.2;7.18;0.19;0.19;0.2;0.4;0.4;0.5;0.2
22;"Bruno Fernandes";"Manchester United";11.93;7.36;17.76;25.94;11.66;0.35;0.22;0.52;0.87;0.73;0.76;0.34
23;"Jarrod Bowen";"West Ham";8.27;7.51;8.43;14.38;3.88;0.22;0.2;0.22;0.44;0.42;0.38;0.1
24;"Casemiro";"Manchester United";6.58;6.58;3.18;16.17;11.88;0.22;0.22;0.11;0.33;0.33;0.55;0.4
25;"Raúl Jiménez";"Fulham";12.02;8.97;1.94;10.55;1.56;0.49;0.36;0.08;0.57;0.44;0.43;0.06
26;"Ismaila Sarr";"Crystal Palace";11.54;9.26;2.2;12.7;3.18;0.48;0.38;0.09;0.57;0.47;0.52;0.13
27;"Bruno Guimarães";"Newcastle United";6.6;5.07;3.87;14.1;9.37;0.24;0.19;0.14;0.38;0.33;0.51;0.34
28;"Beto";"Everton";10.95;10.95;1;12.1;0.93;0.63;0.63;0.06;0.69;0.69;0.7;0.05
29;"Nick Woltemade";"Newcastle United";8.26;7.5;2.9;8.79;2.3;0.38;0.35;0.13;0.51;0.48;0.41;0.11
30;"Kevin Schade";"Brentford";11.83;11.07;4.57;17.38;3.95;0.38;0.36;0.15;0.53;0.51;0.56;0.13
31;"Kiernan Dewsbury-Hall";"Everton";4.33;4.33;6.57;14.28;8.12;0.15;0.15;0.22;0.37;0.37;0.49;0.28
32;"Jaidon Anthony";"Burnley";5.56;5.56;4.37;12.43;5.83;0.18;0.18;0.14;0.32;0.32;0.4;0.19
33;"Noah Okafor";"Leeds";6.3;6.3;2.26;10.92;3.82;0.36;0.36;0.13;0.48;0.48;0.62;0.22
34;"Thierno Barry";"Everton";9.15;9.15;1;10.25;2.15;0.43;0.43;0.05;0.48;0.48;0.48;0.1
35;"Callum Wilson";"West Ham";7.6;7.6;1.03;6.9;0.64;0.56;0.56;0.08;0.63;0.63;0.51;0.05
36;"Mohamed Salah";"Liverpool";8.84;8.08;6.43;17.37;6.3;0.37;0.34;0.27;0.64;0.6;0.72;0.26
37;"Phil Foden";"Manchester City";6.69;6.69;6.11;19.91;11.25;0.29;0.29;0.26;0.55;0.55;0.86;0.49
38;"Harvey Barnes";"Newcastle United";8.05;8.05;3.11;12.75;4.15;0.37;0.37;0.14;0.52;0.52;0.59;0.19
39;"Bukayo Saka";"Arsenal";8.7;7.94;8.55;19.11;8.04;0.35;0.32;0.34;0.69;0.66;0.77;0.32
40;"Eberechi Eze";"Arsenal,Crystal Palace";4.81;4.81;2.63;10.36;4.07;0.22;0.22;0.12;0.35;0.35;0.48;0.19
41;"William Osula";"Newcastle United";4.92;4.92;0.45;5.11;0.37;0.57;0.57;0.05;0.62;0.62;0.59;0.04
42;"Dango Ouattara";"Brentford";8.69;8.69;5.86;13.25;2.53;0.34;0.34;0.23;0.57;0.57;0.52;0.1
43;"Brian Brobbey";"Sunderland";7.11;7.11;1.51;9.29;1.6;0.33;0.33;0.07;0.4;0.4;0.43;0.07
44;"Marcus Tavernier";"Bournemouth";9.4;7.88;6.16;17.83;8.15;0.3;0.26;0.2;0.5;0.45;0.58;0.26
45;"Cody Gakpo";"Liverpool";9.83;9.83;6.59;18.73;5.83;0.32;0.32;0.22;0.54;0.54;0.61;0.19
46;"Virgil van Dijk";"Liverpool";4.89;4.89;0.33;12.49;11.38;0.13;0.13;0.01;0.14;0.14;0.33;0.3
47;"Emiliano Buendía";"Aston Villa";3.78;3.78;3.63;9.21;3.69;0.19;0.19;0.18;0.38;0.38;0.47;0.19
48;"Lukas Nmecha";"Leeds";8.14;5.86;1.68;6.96;1.47;0.68;0.49;0.14;0.82;0.63;0.58;0.12
49;"Wilson Isidor";"Sunderland";5.62;5.62;0;6.03;0.67;0.44;0.44;0;0.44;0.44;0.48;0.05
50;"Leandro Trossard";"Arsenal";6.75;6.75;4.99;13.57;4.96;0.3;0.3;0.22;0.52;0.52;0.6;0.22
51;"Anthony Gordon";"Newcastle United";8.76;6.47;3.71;10.98;4.04;0.42;0.31;0.18;0.59;0.49;0.52;0.19
52;"Iliman Ndiaye";"Everton";6.14;4.62;4.46;15.46;6.87;0.2;0.15;0.14;0.34;0.29;0.5;0.22
53;"Dominik Szoboszlai";"Liverpool";4.72;3.96;8.84;21.54;15.06;0.13;0.11;0.25;0.38;0.36;0.6;0.42
54;"Valentín Castellanos";"West Ham";7.12;7.12;0.75;6.78;1.14;0.45;0.45;0.05;0.5;0.5;0.43;0.07
55;"Evanilson";"Bournemouth";11.83;11.83;3.07;15.95;3.49;0.38;0.38;0.1;0.48;0.48;0.51;0.11
56;"Igor Jesus";"Nottingham Forest";7.2;6.44;2.28;8.53;1.85;0.27;0.24;0.09;0.36;0.33;0.32;0.07
57;"Pedro Neto";"Chelsea";5.15;5.15;7.93;19.28;9.83;0.17;0.17;0.27;0.44;0.44;0.65;0.33
58;"Martín Zubimendi";"Arsenal";2.94;2.94;1.09;13.48;11.18;0.09;0.09;0.03;0.12;0.12;0.4;0.33
59;"John McGinn";"Aston Villa";3;3;4.86;10.93;5.89;0.12;0.12;0.2;0.32;0.32;0.44;0.24
60;"Tomas Soucek";"West Ham";5.21;5.21;0.82;7.26;4.54;0.21;0.21;0.03;0.25;0.25;0.3;0.19
61;"Florian Wirtz";"Liverpool";7.58;7.58;5.38;20.64;10.74;0.28;0.28;0.2;0.48;0.48;0.77;0.4
62;"Enzo Le Fée";"Sunderland";5.27;2.22;7.55;13.18;7.14;0.16;0.07;0.23;0.39;0.3;0.4;0.22
63;"Jéremy Doku";"Manchester City";4;4;7.55;18.84;9.7;0.2;0.2;0.38;0.58;0.58;0.95;0.49
64;"Crysencio Summerville";"West Ham";5.7;5.7;3.24;11.09;3.96;0.2;0.2;0.12;0.32;0.32;0.4;0.14
65;"Anton Stach";"Leeds";2.92;2.92;5.96;10.15;6.21;0.11;0.11;0.22;0.33;0.33;0.38;0.23
66;"Ryan Gravenberch";"Liverpool";1.53;1.53;2.37;13.04;10.72;0.05;0.05;0.07;0.12;0.12;0.39;0.32
67;"João Palhinha";"Tottenham";3.41;3.41;0.77;4.78;3.3;0.14;0.14;0.03;0.17;0.17;0.2;0.14
68;"Nico O&#039;Reilly";"Manchester City";6.73;6.73;3.85;21.24;14.8;0.23;0.23;0.13;0.36;0.36;0.72;0.5
69;"Tijjani Reijnders";"Manchester City";4.86;4.86;3.07;13.19;7.17;0.27;0.27;0.17;0.43;0.43;0.72;0.39
70;"Diego Gómez";"Brighton";6.42;6.42;2.09;14.41;7.1;0.26;0.26;0.09;0.35;0.35;0.59;0.29
71;"Rayan";"Bournemouth";2.67;2.67;2.78;6.34;2.82;0.21;0.21;0.22;0.43;0.43;0.5;0.22
72;"Alex Iwobi";"Fulham";2.4;2.4;3.63;10.42;6.6;0.09;0.09;0.13;0.22;0.22;0.38;0.24
73;"Mikel Merino";"Arsenal";5.22;5.22;2.29;8.37;3.81;0.47;0.47;0.21;0.67;0.67;0.75;0.34
74;"Declan Rice";"Arsenal";3.72;3.72;8.16;18.49;12.96;0.11;0.11;0.24;0.34;0.34;0.53;0.37
75;"Cristian Romero";"Tottenham";1.84;1.84;1.82;6.11;4.28;0.09;0.09;0.09;0.18;0.18;0.29;0.21
76;"Lucas Paquetá";"West Ham";2.44;0.92;3.01;4.27;1.53;0.14;0.05;0.18;0.32;0.23;0.25;0.09
77;"Taiwo Awoniyi";"Nottingham Forest";4.35;4.35;1.32;5.52;1.53;0.89;0.89;0.27;1.16;1.16;1.13;0.31
78;"Mathis Cherki";"Manchester City";4.64;4.64;10.78;20.81;11.16;0.23;0.23;0.54;0.77;0.77;1.05;0.56
79;"Malick Thiaw";"Newcastle United";5.9;5.9;0.83;9.15;8.64;0.18;0.18;0.03;0.2;0.2;0.28;0.26
80;"Mikkel Damsgaard";"Brentford";2.97;2.97;6.47;12.35;6.47;0.13;0.13;0.28;0.41;0.41;0.53;0.28
81;"Elliot Anderson";"Nottingham Forest";3.44;2.68;4.84;16.28;11.96;0.09;0.07;0.13;0.22;0.2;0.44;0.32
82;"Donyell Malen";"Aston Villa";4.74;4.74;0.37;6.39;1.92;0.71;0.71;0.06;0.77;0.77;0.96;0.29
83;"Mathys Tel";"Tottenham";2.83;2.83;3.41;6.19;2.61;0.19;0.19;0.23;0.42;0.42;0.42;0.18
84;"Micky van de Ven";"Tottenham";2.45;2.45;1.01;5.58;5.24;0.07;0.07;0.03;0.1;0.1;0.16;0.15
85;"Brenden Aaronson";"Leeds";5.88;5.88;5.66;13.2;3.49;0.21;0.21;0.2;0.41;0.41;0.47;0.12
86;"Jørgen Strand Larsen";"Crystal Palace,Wolverhampton Wanderers";6.51;4.99;0.69;7.07;2.57;0.25;0.19;0.03;0.28;0.22;0.27;0.1
87;"Jack Hinshelwood";"Brighton";4.76;4.76;2.36;11.62;5.95;0.24;0.24;0.12;0.36;0.36;0.59;0.3
88;"Patrick Dorgu";"Manchester United";2.99;2.99;3.11;6.98;2;0.19;0.19;0.19;0.38;0.38;0.44;0.13
89;"Daniel Muñoz";"Crystal Palace";3.15;3.15;5.07;10.43;4.44;0.12;0.12;0.19;0.31;0.31;0.39;0.17
90;"Chemsdine Talbi";"Sunderland";2.32;2.32;0.6;3.23;1.19;0.13;0.13;0.03;0.17;0.17;0.19;0.07
91;"Ross Barkley";"Aston Villa";1.91;1.91;2.03;6.25;4;0.21;0.21;0.22;0.43;0.43;0.69;0.44
92;"Michael Keane";"Everton";3.57;3.57;0.13;5.35;4.28;0.12;0.12;0;0.13;0.13;0.19;0.15
93;"Dominic Solanke";"Tottenham";3.59;3.59;0.6;4.7;1.69;0.33;0.33;0.05;0.38;0.38;0.43;0.15
94;"Chris Wood";"Nottingham Forest";3.37;3.37;0.32;3.27;0.51;0.33;0.33;0.03;0.36;0.36;0.32;0.05
95;"Alexander Isak";"Liverpool";3.25;3.25;0.85;4.25;0.98;0.41;0.41;0.11;0.51;0.51;0.53;0.12
96;"Gabriel Jesus";"Arsenal";3.98;3.98;0.21;4.36;1.27;0.91;0.91;0.05;0.95;0.95;0.99;0.29
97;"Gabriel";"Arsenal";4.65;4.65;2.73;8.89;8.31;0.15;0.15;0.09;0.24;0.24;0.29;0.27
98;"Nordi Mukiele";"Sunderland";2.78;2.78;2.75;9.08;6.99;0.09;0.09;0.09;0.18;0.18;0.29;0.23
99;"Jacob Murphy";"Newcastle United";3.12;3.12;4.79;8.43;2.73;0.17;0.17;0.26;0.44;0.44;0.47;0.15
100;"Callum Hudson-Odoi";"Nottingham Forest";2.95;2.95;3.93;11.13;5.73;0.14;0.14;0.19;0.33;0.33;0.54;0.28
101;"Trevoh Chalobah";"Chelsea";1.84;1.84;0.63;14.73;14.6;0.06;0.06;0.02;0.08;0.08;0.48;0.47
102;"Konstantinos Mavropanos";"West Ham";2.79;2.79;0.49;4.46;4.09;0.1;0.1;0.02;0.12;0.12;0.16;0.15
103;"Ryan Sessegnon";"Fulham";2.05;2.05;2.23;8.26;5.09;0.1;0.1;0.11;0.21;0.21;0.41;0.25
104;"Georginio Rutter";"Brighton";2.93;2.93;4.6;10.86;4.21;0.15;0.15;0.23;0.38;0.38;0.55;0.21
105;"Mathias Jensen";"Brentford";1.59;1.59;5.33;10.39;7.01;0.06;0.06;0.21;0.28;0.28;0.41;0.28
106;"Samuel Chukwueze";"Fulham";2.33;2.33;2.84;7.1;2.85;0.2;0.2;0.24;0.44;0.44;0.61;0.24
107;"Emile Smith-Rowe";"Fulham";4.26;4.26;1.42;8.59;4.15;0.2;0.2;0.07;0.26;0.26;0.4;0.19
108;"Lyle Foster";"Burnley";3.59;3.59;1.15;5.98;2.13;0.24;0.24;0.08;0.31;0.31;0.39;0.14
109;"Marc Guehi";"Crystal Palace,Manchester City";4.7;4.7;2.73;17.67;15.49;0.13;0.13;0.08;0.21;0.21;0.5;0.44
110;"Mason Mount";"Manchester United";1.74;1.74;1.38;6.61;4.63;0.15;0.15;0.12;0.28;0.28;0.58;0.41
111;"Amine Adli";"Bournemouth";3.57;3.57;1.28;6.14;2.17;0.31;0.31;0.11;0.42;0.42;0.53;0.19
112;"Omar Marmoush";"Manchester City";3.77;3.77;2.13;6.19;0.79;0.49;0.49;0.28;0.77;0.77;0.8;0.1
113;"Matthew Cash";"Aston Villa";1.22;1.22;3.21;10.3;8.07;0.04;0.04;0.1;0.13;0.13;0.3;0.24
114;"Tolu Arokodare";"Wolverhampton Wanderers";7.43;6.67;1.16;5.4;1.1;0.49;0.44;0.08;0.57;0.52;0.36;0.07
115;"Chimuanya Ugochukwu";"Burnley";2.62;2.62;0.45;7.27;4.91;0.1;0.1;0.02;0.11;0.11;0.27;0.18
116;"Moisés Caicedo";"Chelsea";1.53;1.53;2.63;17.21;15.36;0.05;0.05;0.08;0.13;0.13;0.55;0.49
117;"Kaoru Mitoma";"Brighton";4.79;4.79;3.54;11.29;4.62;0.25;0.25;0.19;0.44;0.44;0.59;0.24
118;"Jan Paul van Hecke";"Brighton";3.36;3.36;1.03;14.12;13.21;0.09;0.09;0.03;0.12;0.12;0.4;0.37
119;"Keane Lewis-Potter";"Brentford";3.21;3.21;2.71;7.84;3.19;0.15;0.15;0.13;0.27;0.27;0.36;0.15
120;"Santiago Bueno";"Wolverhampton Wanderers";2;2;0.9;4.35;3.94;0.07;0.07;0.03;0.1;0.1;0.15;0.14
121;"Yasin Ayari";"Brighton";2.12;2.12;1.4;7.9;5.48;0.1;0.1;0.07;0.17;0.17;0.37;0.26
122;"Jurriën Timber";"Arsenal";4.03;4.03;2.59;11.44;8.66;0.15;0.15;0.09;0.24;0.24;0.42;0.31
123;"Alex Scott";"Bournemouth";3.5;3.5;2.89;15.25;10.99;0.11;0.11;0.09;0.2;0.2;0.47;0.34
124;"Rodrigo Gomes";"Wolverhampton Wanderers";2.28;2.28;0.15;3.38;1.01;0.22;0.22;0.01;0.23;0.23;0.32;0.1
125;"Yankuba Minteh";"Brighton";4.75;4.75;5.84;16.41;8.57;0.18;0.18;0.22;0.4;0.4;0.61;0.32
126;"Mateus Fernandes";"West Ham";1.82;1.82;3.34;10.32;6.99;0.05;0.05;0.1;0.15;0.15;0.31;0.21
127;"Mateus Mané";"Wolverhampton Wanderers";1.97;1.97;3.28;5.26;2.48;0.1;0.1;0.17;0.27;0.27;0.27;0.13
128;"Joelinton";"Newcastle United";2.18;2.18;1.86;10.02;7.25;0.1;0.1;0.09;0.19;0.19;0.46;0.33
129;"Idrissa Gueye";"Everton";1.91;1.91;1.69;9.14;6.9;0.08;0.08;0.07;0.15;0.15;0.39;0.29
130;"Jack Grealish";"Everton";3.08;3.08;4.56;9.29;3.29;0.17;0.17;0.25;0.42;0.42;0.51;0.18
131;"Tammy Abraham";"Aston Villa";2.05;2.05;0.13;2.1;0.06;0.73;0.73;0.05;0.77;0.77;0.75;0.02
132;"Josh Cullen";"Burnley";1.01;1.01;1.82;6.16;4.63;0.06;0.06;0.11;0.17;0.17;0.36;0.27
133;"Federico Chiesa";"Liverpool";1.67;1.67;1.47;3.72;0.75;0.61;0.61;0.54;1.14;1.14;1.36;0.27
134;"James Tarkowski";"Everton";2.87;2.87;2.06;6.82;5.57;0.08;0.08;0.06;0.13;0.13;0.18;0.15
135;"Bernardo Silva";"Manchester City";2.9;2.9;5.28;25.19;19.4;0.09;0.09;0.16;0.25;0.25;0.78;0.6
136;"Adam Armstrong";"Wolverhampton Wanderers";2.81;2.05;1.5;2.85;0.72;0.22;0.16;0.12;0.33;0.27;0.22;0.06
137;"Kai Havertz";"Arsenal";4.9;4.9;1.46;4.52;0.75;0.76;0.76;0.23;0.98;0.98;0.7;0.12
138;"Ibrahim Sangare";"Nottingham Forest";1.57;1.57;1.45;7.42;5.29;0.07;0.07;0.06;0.13;0.13;0.32;0.23
139;"Joe Rodon";"Leeds";1.85;1.85;0.46;6.24;5.8;0.06;0.06;0.01;0.07;0.07;0.19;0.18
140;"Eddie Nketiah";"Crystal Palace";1.94;1.94;0.96;2.9;0.15;0.44;0.44;0.22;0.66;0.66;0.66;0.03
141;"Tom Cairney";"Fulham";0.81;0.81;0.69;4.33;3.38;0.1;0.1;0.08;0.18;0.18;0.52;0.41
142;"Justin Kluivert";"Bournemouth";2.29;2.29;2.29;5.31;2.32;0.22;0.22;0.22;0.44;0.44;0.51;0.22
143;"Sean Longstaff";"Leeds";1.38;1.38;2.77;3.45;1.82;0.12;0.12;0.25;0.37;0.37;0.31;0.16
144;"Tyler Adams";"Bournemouth";0.93;0.93;1.23;6.87;5.87;0.05;0.05;0.06;0.11;0.11;0.34;0.29
145;"James Garner";"Everton";2.08;2.08;6.07;11.28;8.33;0.05;0.05;0.16;0.21;0.21;0.3;0.22
146;"James Justin";"Leeds";2.56;2.56;2.57;5.14;2.76;0.12;0.12;0.12;0.24;0.24;0.24;0.13
147;"Joshua Zirkzee";"Manchester United";3.85;3.85;1.22;6.71;2.6;0.6;0.6;0.19;0.8;0.8;1.05;0.41
148;"Reece James";"Chelsea";1.23;1.23;3.99;11.53;9.75;0.06;0.06;0.19;0.24;0.24;0.54;0.46
149;"Amad Diallo Traore";"Manchester United";5.73;5.73;5.65;18.68;10.05;0.22;0.22;0.22;0.44;0.44;0.72;0.39
150;"Neco Williams";"Nottingham Forest";1.87;1.87;4.4;12.11;9.01;0.05;0.05;0.12;0.18;0.18;0.34;0.25
151;"Alexis Mac Allister";"Liverpool";4.07;4.07;2.85;13.19;8.34;0.14;0.14;0.1;0.23;0.23;0.44;0.28
152;"Xavi Simons";"Tottenham";2.72;2.72;4.65;9.53;5.2;0.14;0.14;0.24;0.38;0.38;0.49;0.26
153;"Hee-Chan Hwang";"Wolverhampton Wanderers";2.66;1.9;1.88;5.16;1.75;0.16;0.12;0.12;0.28;0.23;0.32;0.11
154;"Jacob Ramsey";"Newcastle United";1.21;1.21;1.57;5.49;4.25;0.08;0.08;0.1;0.18;0.18;0.35;0.27
155;"Rúben Dias";"Manchester City";0.44;0.44;0.42;14.69;14.25;0.02;0.02;0.02;0.04;0.04;0.62;0.6
156;"Malo Gusto";"Chelsea";1.94;1.94;3.81;16.34;13.55;0.08;0.08;0.15;0.22;0.22;0.64;0.53
157;"Pape Sarr";"Tottenham";2.05;2.05;2.43;7.02;4.96;0.14;0.14;0.16;0.3;0.3;0.47;0.33
158;"Yeremi Pino";"Crystal Palace";4.37;4.37;8.5;13.47;4.59;0.18;0.18;0.36;0.54;0.54;0.57;0.19
159;"Amadou Onana";"Aston Villa";2.77;2.77;0.5;6.82;5.31;0.14;0.14;0.03;0.16;0.16;0.34;0.27
160;"Habib Diarra";"Sunderland";3.25;2.49;0.64;4.12;1.88;0.21;0.16;0.04;0.25;0.2;0.26;0.12
161;"Josko Gvardiol";"Manchester City";1.86;1.86;0.44;10.1;9.55;0.12;0.12;0.03;0.15;0.15;0.66;0.63
162;"Loum Tchaouna";"Burnley";1.26;1.26;1.2;4.21;1.97;0.09;0.09;0.09;0.17;0.17;0.3;0.14
163;"Archie Gray";"Tottenham";1.59;1.59;1.66;3.57;2.17;0.1;0.1;0.1;0.2;0.2;0.21;0.13
164;"Ryan Christie";"Bournemouth";1.79;1.79;1.62;7.69;4.52;0.17;0.17;0.15;0.33;0.33;0.73;0.43
165;"Brennan Johnson";"Crystal Palace,Tottenham";2.59;2.59;1.28;5.24;1.93;0.14;0.14;0.07;0.2;0.2;0.28;0.1
166;"Noni Madueke";"Arsenal";2;2;4.01;6.73;3.29;0.14;0.14;0.29;0.43;0.43;0.49;0.24
167;"Milos Kerkez";"Liverpool";1.39;1.39;1.86;9.49;6.86;0.06;0.06;0.07;0.13;0.13;0.38;0.27
168;"Mohammed Kudus";"Tottenham";2.36;2.36;2.57;4.96;1.41;0.13;0.13;0.15;0.28;0.28;0.28;0.08
169;"Ladislav Krejcí";"Wolverhampton Wanderers";1.72;1.72;1.49;4.15;2.59;0.07;0.07;0.06;0.12;0.12;0.16;0.1
170;"Mats Wieffer";"Brighton";1.93;1.93;2.87;10.28;8.27;0.09;0.09;0.13;0.22;0.22;0.48;0.39
171;"Nicolò Savona";"Nottingham Forest";1.24;1.24;0.59;3.01;1.54;0.11;0.11;0.05;0.16;0.16;0.26;0.13
172;"Rio Ngumoha";"Liverpool";1.22;1.22;2.13;4.78;1.65;0.21;0.21;0.37;0.59;0.59;0.84;0.29
173;"Maxim De Cuyper";"Brighton";1.74;1.74;4.69;6.84;3.49;0.11;0.11;0.3;0.41;0.41;0.44;0.22
174;"Trai Hume";"Sunderland";2.71;2.71;2.08;8.23;4.2;0.08;0.08;0.06;0.14;0.14;0.24;0.12
175;"Dan Ballard";"Sunderland";3.7;3.7;1.58;4.75;2.61;0.16;0.16;0.07;0.22;0.22;0.2;0.11
176;"Eliezer Mayenda";"Sunderland";2.01;2.01;0.74;2.48;0.49;0.24;0.24;0.09;0.33;0.33;0.3;0.06
177;"Estêvão";"Chelsea";3.87;3.87;2.82;9.27;3.58;0.41;0.41;0.3;0.71;0.71;0.98;0.38
178;"Ao Tanaka";"Leeds";2.2;2.2;1.36;6.81;4.31;0.15;0.15;0.09;0.24;0.24;0.46;0.29
179;"Charalampos Kostoulas";"Brighton";2.26;2.26;1.28;3.5;0.51;0.66;0.66;0.37;1.03;1.03;1.02;0.15
180;"Granit Xhaka";"Sunderland";0.81;0.81;3.7;10.46;8.98;0.03;0.03;0.12;0.14;0.14;0.32;0.28
181;"Pascal Groß";"Brighton";1.25;1.25;3.29;10.01;8.28;0.07;0.07;0.18;0.25;0.25;0.55;0.46
182;"James Milner";"Brighton";0.98;0.22;0.65;3.98;3.79;0.11;0.03;0.08;0.19;0.1;0.46;0.44
183;"Jordan Henderson";"Brentford";0.55;0.55;3.32;8.79;6.13;0.03;0.03;0.15;0.18;0.18;0.41;0.29
184;"Ben Davies";"Tottenham";0.8;0.8;0.02;0.02;0.02;0.52;0.52;0.02;0.54;0.54;0.02;0.02
185;"Bertrand Traoré";"Sunderland";0.62;0.62;0.99;2.02;1.23;0.08;0.08;0.13;0.22;0.22;0.27;0.16
186;"Kyle Walker-Peters";"West Ham";1.19;1.19;0.36;4.9;3.6;0.08;0.08;0.02;0.1;0.1;0.32;0.24
187;"Harrison Reed";"Fulham";0.09;0.09;0.4;0.4;0.27;0.1;0.1;0.46;0.56;0.56;0.46;0.31
188;"Axel Tuanzebe";"Burnley";0.56;0.56;0;2.77;2.22;0.04;0.04;0;0.04;0.04;0.21;0.16
189;"Luke Shaw";"Manchester United";0.6;0.6;1.49;11.46;10.61;0.02;0.02;0.04;0.06;0.06;0.32;0.29
190;"Sasa Lukic";"Fulham";2.34;2.34;2.16;6.23;3.36;0.12;0.12;0.11;0.23;0.23;0.32;0.17
191;"Harry Maguire";"Manchester United";1.18;1.18;0.73;5.07;5.07;0.06;0.06;0.04;0.1;0.1;0.27;0.27
192;"Andrew Robertson";"Liverpool";1.05;1.05;1.51;5.85;4.47;0.08;0.08;0.12;0.2;0.2;0.45;0.35
193;"Rodri";"Manchester City";1.19;1.19;2.28;12.14;10.71;0.07;0.07;0.14;0.21;0.21;0.73;0.64
194;"Martin Odegaard";"Arsenal";1.22;1.22;4.98;11.73;7.59;0.08;0.08;0.33;0.41;0.41;0.78;0.51
195;"Issa Diop";"Fulham";0.44;0.44;0;1.55;1.55;0.05;0.05;0;0.05;0.05;0.17;0.17
196;"Randal Kolo Muani";"Tottenham";2.7;2.7;1.85;4.25;0.79;0.14;0.14;0.1;0.24;0.24;0.22;0.04
197;"Yoane Wissa";"Newcastle United";3.24;3.24;0.17;4.35;1.31;0.59;0.59;0.03;0.62;0.62;0.8;0.24
198;"Boubacar Kamara";"Aston Villa";1.05;1.05;0.73;5.7;4.27;0.07;0.07;0.05;0.11;0.11;0.36;0.27
199;"Kenny Tete";"Fulham";0.73;0.73;0.95;3.94;3.16;0.04;0.04;0.05;0.08;0.08;0.2;0.16
200;"Lewis Dunk";"Brighton";1.34;1.34;0.55;12.69;12.6;0.04;0.04;0.02;0.06;0.06;0.4;0.4
201;"Rodrigo Bentancur";"Tottenham";0.98;0.98;0.88;4.67;4.18;0.05;0.05;0.04;0.09;0.09;0.22;0.19
202;"Douglas Luiz";"Aston Villa,Nottingham Forest";0.7;0.7;1.82;4.07;2.81;0.07;0.07;0.18;0.24;0.24;0.39;0.27
203;"Enes Ünal";"Bournemouth";2.33;2.33;0.28;2.65;0.39;1.33;1.33;0.16;1.49;1.49;1.51;0.22
204;"Ibrahima Konaté";"Liverpool";1.96;1.96;0.73;11.12;10.8;0.06;0.06;0.02;0.08;0.08;0.32;0.31
205;"Ethan Ampadu";"Leeds";1.95;1.95;1.18;11.87;10.69;0.06;0.06;0.03;0.09;0.09;0.34;0.31
206;"Curtis Jones";"Liverpool";2.41;2.41;2.83;10.62;7.24;0.11;0.11;0.13;0.25;0.25;0.5;0.34
207;"Jaka Bijol";"Leeds";0.72;0.72;1.4;5.49;4.5;0.03;0.03;0.07;0.1;0.1;0.26;0.21
208;"David Brooks";"Bournemouth";6.54;6.54;4.2;12.2;2.67;0.49;0.49;0.32;0.81;0.81;0.92;0.2
209;"William Saliba";"Arsenal";1.58;1.58;1.31;11.02;10.5;0.05;0.05;0.05;0.1;0.1;0.38;0.36
210;"Pedro Porro";"Tottenham";1.4;1.4;4.25;10.6;8.79;0.04;0.04;0.14;0.18;0.18;0.34;0.28
211;"Marc Cucurella";"Chelsea";1.89;1.89;4.54;15.16;12;0.06;0.06;0.15;0.21;0.21;0.5;0.4
212;"Diogo Dalot";"Manchester United";2.19;2.19;3.51;13.06;9.67;0.08;0.08;0.12;0.2;0.2;0.45;0.33
213;"Dan Burn";"Newcastle United";0.92;0.92;0.41;5.24;4.94;0.04;0.04;0.02;0.05;0.05;0.21;0.2
214;"Gabriel Martinelli";"Arsenal";5.36;5.36;2.57;10.02;3.61;0.47;0.47;0.23;0.7;0.7;0.88;0.32
215;"Jean-Ricner Bellegarde";"Wolverhampton Wanderers";0.87;0.87;1.22;5.2;3.5;0.06;0.06;0.09;0.15;0.15;0.37;0.25
216;"Matthijs de Ligt";"Manchester United";1.32;1.32;0.43;2.83;2.39;0.1;0.1;0.03;0.13;0.13;0.22;0.18
217;"Marshall Munetsi";"Wolverhampton Wanderers";1.84;1.84;0.38;3.1;1;0.19;0.19;0.04;0.23;0.23;0.32;0.1
218;"Evann Guessand";"Aston Villa,Crystal Palace";1.85;1.85;1.24;3.78;1.3;0.18;0.18;0.12;0.3;0.3;0.37;0.13
219;"Riccardo Calafiori";"Arsenal";3.47;3.47;0.65;8.16;6.56;0.18;0.18;0.03;0.21;0.21;0.42;0.34
220;"Tyrick Mitchell";"Crystal Palace";1.98;1.98;3.04;13.16;9.87;0.05;0.05;0.08;0.14;0.14;0.36;0.27
221;"Nicolás Domínguez";"Nottingham Forest";1.01;1.01;1.28;5.4;4.23;0.08;0.08;0.1;0.17;0.17;0.4;0.31
222;"Armando Broja";"Burnley";2.52;2.52;0.61;2.69;1.03;0.28;0.28;0.07;0.34;0.34;0.29;0.11
223;"Chris Richards";"Crystal Palace";1.78;1.78;0.49;7.81;7.5;0.06;0.06;0.02;0.07;0.07;0.25;0.24
224;"Jarrad Branthwaite";"Everton";0.31;0.31;0.37;1.29;1.13;0.04;0.04;0.05;0.09;0.09;0.17;0.15
225;"Sven Botman";"Newcastle United";1.55;1.55;1.48;6.02;5.72;0.08;0.08;0.07;0.15;0.15;0.29;0.28
226;"Adrien Truffert";"Bournemouth";1.99;1.99;4.41;15.24;9.96;0.05;0.05;0.12;0.17;0.17;0.4;0.26
227;"Dan Ndoye";"Nottingham Forest";1.17;1.17;1.55;4.02;1.81;0.09;0.09;0.12;0.21;0.21;0.31;0.14
228;"Joël Veltman";"Brighton";1.06;1.06;0.25;2.46;2.32;0.09;0.09;0.02;0.12;0.12;0.22;0.2
229;"Maxence Lacroix";"Crystal Palace";3.01;3.01;1.29;10.74;9.98;0.09;0.09;0.04;0.12;0.12;0.31;0.29
230;"Liam Delap";"Chelsea";5.03;5.03;0.17;7.52;3.4;0.43;0.43;0.01;0.44;0.44;0.64;0.29
231;"Antonee Robinson";"Fulham";0.98;0.22;1.09;4.56;3.85;0.06;0.01;0.07;0.13;0.08;0.28;0.23
232;"Omar Alderete";"Sunderland";1.55;1.55;0.61;4.55;3.77;0.05;0.05;0.02;0.07;0.07;0.15;0.12
233;"Conor Gallagher";"Tottenham";1.51;1.51;0.86;4.17;2.55;0.11;0.11;0.06;0.17;0.17;0.31;0.19
234;"Jayden Bogle";"Leeds";1.89;1.89;3.53;11.02;6.37;0.06;0.06;0.11;0.17;0.17;0.35;0.2
235;"Fabio Carvalho";"Brentford";0.69;0.69;0;0.69;0;0.64;0.64;0;0.64;0.64;0.64;0
236;"Hannibal Mejbri";"Burnley";0.75;0.75;2.84;5.95;3.38;0.05;0.05;0.2;0.26;0.26;0.43;0.24
237;"Vitaly Janelt";"Brentford";0.75;0.75;3.81;6.33;3.63;0.05;0.05;0.24;0.29;0.29;0.4;0.23
238;"Nathan Collins";"Brentford";2.92;2.92;2.43;10.04;8.51;0.09;0.09;0.07;0.16;0.16;0.3;0.26
239;"Nico González";"Manchester City";0.61;0.61;0.89;14.8;14.17;0.03;0.03;0.05;0.09;0.09;0.84;0.81
240;"Piero Hincapié";"Arsenal";0.41;0.41;2.13;8.48;6.88;0.02;0.02;0.11;0.13;0.13;0.43;0.35
241;"Hugo Bueno";"Wolverhampton Wanderers";0.9;0.9;3.68;5.54;2.93;0.03;0.03;0.14;0.18;0.18;0.21;0.11
242;"Lewis Hall";"Newcastle United";1.29;1.29;2.53;8.87;7.47;0.05;0.05;0.11;0.16;0.16;0.37;0.31
243;"Omari Hutchinson";"Nottingham Forest";2.18;2.18;4.93;10.33;5.62;0.12;0.12;0.27;0.38;0.38;0.56;0.3
244;"Alejandro Garnacho";"Chelsea";4.11;4.11;4.22;12.95;6.53;0.29;0.29;0.3;0.58;0.58;0.91;0.46
245;"Rodrigo Muniz";"Fulham";4.55;4.55;0.96;4.83;1.3;0.41;0.41;0.09;0.5;0.5;0.43;0.12
246;"Soungoutou Magassa";"West Ham";0.62;0.62;0.75;2.42;1.53;0.06;0.06;0.07;0.13;0.13;0.22;0.14
247;"Matheus Nunes";"Manchester City";0.68;0.68;3.1;22.1;20.29;0.02;0.02;0.1;0.12;0.12;0.69;0.64
248;"Kobbie Mainoo";"Manchester United";0.52;0.52;1.19;10.35;9.78;0.03;0.03;0.07;0.09;0.09;0.57;0.54
249;"Michael Kayode";"Brentford";1.17;1.17;3.18;13.05;9.57;0.03;0.03;0.09;0.12;0.12;0.36;0.26
250;"Brajan Gruda";"Brighton";1.77;1.77;1.22;5.48;2.84;0.22;0.22;0.15;0.38;0.38;0.69;0.36
251;"Merlin Röhl";"Everton";0.56;0.56;0.36;1.4;0.7;0.08;0.08;0.05;0.13;0.13;0.19;0.1
252;"João Gomes";"Wolverhampton Wanderers";1.25;1.25;1.44;6.2;5.08;0.04;0.04;0.05;0.09;0.09;0.2;0.16
253;"Lewis Miley";"Newcastle United";1.38;1.38;2.32;7.05;5.92;0.08;0.08;0.14;0.23;0.23;0.43;0.36
254;"Simon Adingra";"Sunderland";0.34;0.34;0.73;1.98;1.05;0.05;0.05;0.1;0.14;0.14;0.27;0.14
255;"Calvin Bassey";"Fulham";1.19;1.19;0.43;6.19;5.89;0.04;0.04;0.02;0.06;0.06;0.22;0.21
256;"Sávio";"Manchester City";3.27;3.27;0.93;5.62;2.62;0.37;0.37;0.11;0.48;0.48;0.64;0.3
257;"Yehor Yarmolyuk";"Brentford";1.38;1.38;1.26;9.29;7.92;0.05;0.05;0.04;0.09;0.09;0.31;0.27
258;"Andrey Santos";"Chelsea";2.56;2.56;0.69;6.32;4.4;0.19;0.19;0.05;0.24;0.24;0.47;0.33
259;"Lorenzo Lucca";"Nottingham Forest";1.18;1.18;0.04;1.67;0.49;0.87;0.87;0.03;0.9;0.9;1.23;0.36
260;"Jake O&#039;Brien";"Everton";1.31;1.31;0.72;6.49;5.05;0.04;0.04;0.02;0.06;0.06;0.19;0.14
261;"Murillo";"Nottingham Forest";0.6;0.6;0.3;6.36;6.05;0.03;0.03;0.01;0.04;0.04;0.27;0.26
262;"Alejandro Jiménez";"Bournemouth";1.21;1.21;1.7;7.32;4.87;0.05;0.05;0.07;0.11;0.11;0.28;0.19
263;"Adam Wharton";"Crystal Palace";1.15;1.15;6.62;14.68;10.56;0.04;0.04;0.23;0.27;0.27;0.51;0.37
264;"Joshua King";"Fulham";3.8;3.8;1.04;6.19;2.6;0.26;0.26;0.07;0.33;0.33;0.43;0.18
265;"Josh Acheampong";"Chelsea";0.67;0.67;0.14;2.12;2.05;0.09;0.09;0.02;0.11;0.11;0.29;0.28
266;"Lucas Bergvall";"Tottenham";1.43;1.43;0.29;3.27;1.69;0.14;0.14;0.03;0.16;0.16;0.31;0.16
267;"André";"Wolverhampton Wanderers";0.52;0.52;1.25;6.22;5.53;0.02;0.02;0.04;0.06;0.06;0.2;0.18
268;"Justin Devenny";"Crystal Palace";2.25;1.48;0.33;3.62;2.08;0.27;0.18;0.04;0.3;0.21;0.43;0.25
269;"Ferdi Kadioglu";"Brighton";2.02;2.02;2.24;14.01;11.7;0.06;0.06;0.06;0.12;0.12;0.4;0.33
270;"Morato";"Nottingham Forest";1.89;1.89;0.09;4.48;3.85;0.13;0.13;0.01;0.13;0.13;0.3;0.26
271;"Matt O&#039;Riley";"Brighton";1.14;0.38;0.15;0.53;0.11;0.53;0.17;0.07;0.6;0.24;0.24;0.05
272;"Tom Edozie";"Wolverhampton Wanderers";0.14;0.14;0;0.14;0;2.07;2.07;0;2.07;2.07;2.07;0
273;"Chris Rigg";"Sunderland";0.8;0.8;1.19;1.97;0.73;0.09;0.09;0.14;0.23;0.23;0.23;0.08
274;"Oliver Sonne";"Burnley";0.38;0.38;0.03;0.51;0.2;0.23;0.23;0.02;0.24;0.24;0.31;0.12
275;"Josh Laurent";"Burnley";1.04;1.04;0.74;3.17;1.68;0.05;0.05;0.04;0.09;0.09;0.17;0.09
276;"Marcus Edwards";"Burnley";2.28;2.28;2.55;6.09;3.16;0.19;0.19;0.22;0.41;0.41;0.52;0.27
277;"Jhon Arias";"Wolverhampton Wanderers";3.29;3.29;0.9;4.88;1.35;0.26;0.26;0.07;0.33;0.33;0.39;0.11
278;"Max Dowman";"Arsenal";0.67;0.67;0.63;1.62;0.48;0.42;0.42;0.4;0.83;0.83;1.02;0.3
279;"Stefanos Tzimas";"Brighton";0.63;0.63;0.38;0.81;0.01;0.51;0.51;0.31;0.82;0.82;0.65;0.01
280;"Kevin";"Fulham";1.33;1.33;1.24;4.82;2.89;0.12;0.12;0.11;0.23;0.23;0.43;0.26
281;"Fabian Schär";"Newcastle United";0.96;0.96;0.16;3.19;3.06;0.08;0.08;0.01;0.09;0.09;0.26;0.25
282;"Bernd Leno";"Fulham";0;0;0;4.9;4.9;0;0;0;0;0;0.13;0.13
283;"Nathan Aké";"Manchester City";1.1;1.1;0.71;4.45;3.94;0.14;0.14;0.09;0.24;0.24;0.59;0.52
284;"Seamus Coleman";"Everton";0;0;0.04;0.04;0.04;0;0;0.26;0.26;0.26;0.26;0.26
285;"John Stones";"Manchester City";0;0;0.06;2.19;2.13;0;0;0.01;0.01;0.01;0.44;0.43
286;"Nathaniel Clyne";"Crystal Palace";0.27;0.27;0.67;1.5;1.23;0.04;0.04;0.1;0.14;0.14;0.22;0.18
287;"Kyle Walker";"Burnley";0.09;0.09;1.67;9.24;9.07;0;0;0.05;0.05;0.05;0.27;0.26
288;"Kieran Trippier";"Newcastle United";0.1;0.1;1.82;5.13;4.71;0.01;0.01;0.1;0.11;0.11;0.29;0.26
289;"Ola Aina";"Nottingham Forest";0.41;0.41;0.34;3.95;3.53;0.02;0.02;0.02;0.04;0.04;0.22;0.2
290;"Jordan Pickford";"Everton";0;0;0.23;3.1;3.02;0;0;0.01;0.01;0.01;0.08;0.08
291;"Jamaal Lascelles";"Newcastle United";0.08;0.08;0;0;0;0.88;0.88;0;0.88;0.88;0;0
292;"Karl Darlow";"Leeds";0;0;0;1.81;1.81;0;0;0;0;0;0.08;0.08
293;"Adam Smith";"Bournemouth";0;0;0.5;4.54;4.06;0;0;0.04;0.04;0.04;0.38;0.34
294;"James Ward-Prowse";"Burnley,West Ham";0.18;0.18;3.43;3.57;3.08;0.02;0.02;0.29;0.3;0.3;0.3;0.26
295;"Freddie Woodman";"Liverpool";0;0;0;0.64;0.64;0;0;0;0;0;0.27;0.27
296;"Adama Traoré";"Fulham,West Ham";0.69;0.69;0.41;1.77;0.7;0.19;0.19;0.11;0.3;0.3;0.49;0.19
297;"Sam Byram";"Leeds";0;0;0;0;0;0;0;0;0;0;0;0
298;"Patrick Roberts";"Sunderland";0.07;0.07;0;0.11;0.04;0.27;0.27;0;0.27;0.27;0.43;0.16
299;"Sam Johnstone";"Wolverhampton Wanderers";0;0;0;0.32;0.32;0;0;0;0;0;0.03;0.03
300;"Joseph Gomez";"Liverpool";0.2;0.2;1.25;4.34;3.1;0.03;0.03;0.19;0.23;0.23;0.68;0.48
301;"Tyrone Mings";"Aston Villa";1.49;1.49;0.71;3.9;3.59;0.1;0.1;0.05;0.15;0.15;0.27;0.25
302;"Gianluigi Donnarumma";"Manchester City";0;0;0;7.18;7.18;0;0;0;0;0;0.21;0.21
303;"Alisson";"Liverpool";0;0;0;4.58;4.58;0;0;0;0;0;0.18;0.18
304;"Emil Krafth";"Newcastle United";0;0;0;0.02;0.02;0;0;0;0;0;0.04;0.04
305;"Arthur Masuaku";"Sunderland";0.08;0.08;0.06;0.16;0.1;0.05;0.05;0.04;0.09;0.09;0.11;0.07
306;"Lewis Cook";"Bournemouth";0.06;0.06;0.35;2.54;2.39;0.01;0.01;0.04;0.04;0.04;0.27;0.26
307;"Lucas Digne";"Aston Villa";0.7;0.7;3.05;5.53;4.14;0.03;0.03;0.15;0.18;0.18;0.27;0.2
308;"Jefferson Lerma";"Crystal Palace";2.21;2.21;1.78;7.62;6.04;0.12;0.12;0.09;0.21;0.21;0.4;0.32
309;"Mateo Kovacic";"Manchester City";0.09;0.09;0.43;1.73;1.26;0.07;0.07;0.32;0.39;0.39;1.3;0.95
310;"Alphonse Areola";"West Ham";0;0;0.02;0.43;0.43;0;0;0;0;0;0.02;0.02
311;"Oleksandr Zinchenko";"Nottingham Forest";0.08;0.08;0.45;1.78;1.64;0.02;0.02;0.12;0.14;0.14;0.46;0.42
312;"Olivier Boscagli";"Brighton";0.02;0.02;0.15;3.55;3.51;0;0;0.02;0.02;0.02;0.4;0.39
313;"Odsonne Edouard";"Crystal Palace";0;0;0;0;0;0;0;0;0;0;0;0
314;"Emiliano Martinez";"Aston Villa";0;0;0.35;4.6;4.24;0;0;0.01;0.01;0.01;0.15;0.13
315;"Ashley Barnes";"Burnley";0.42;0.42;0;0.12;0;1.52;1.52;0;1.52;1.52;0.42;0
316;"Kepa";"Arsenal";0;0;0;0.7;0.7;0;0;0;0;0;0.7;0.7
317;"Leon Bailey";"Aston Villa";0.71;0.71;1.12;2.24;1.16;0.15;0.15;0.23;0.38;0.38;0.46;0.24
318;"Kevin Danso";"Tottenham";0.52;0.52;0.16;1.65;1.6;0.03;0.03;0.01;0.04;0.04;0.1;0.1
319;"Jacob Bruun Larsen";"Burnley";1.43;1.43;1.38;4.53;2.25;0.13;0.13;0.12;0.25;0.25;0.41;0.2
320;"Angus Gunn";"Nottingham Forest";0;0;0;0.01;0.01;0;0;0;0;0;0.03;0.03
321;"Nick Pope";"Newcastle United";0.13;0.13;0;2.81;2.81;0;0;0;0;0;0.1;0.1
322;"Aaron Wan-Bissaka";"West Ham";0;0;1.43;3.83;3.09;0;0;0.06;0.06;0.06;0.16;0.13
323;"Tosin Adarabioyo";"Chelsea";0.07;0.07;0.42;3.18;3.18;0.01;0.01;0.05;0.06;0.06;0.36;0.36
324;"Daniel James";"Leeds";0.8;0.8;0.49;1.58;0.33;0.13;0.13;0.08;0.22;0.22;0.26;0.05
325;"Angel Gomes";"Wolverhampton Wanderers";0.19;0.19;0.3;1.68;1.36;0.04;0.04;0.06;0.09;0.09;0.32;0.26
326;"Aaron Ramsdale";"Newcastle United";0;0;0.07;2.48;2.41;0;0;0.01;0.01;0.01;0.22;0.22
327;"Yves Bissouma";"Tottenham";0.21;0.21;0;1.08;0.93;0.03;0.03;0;0.03;0.03;0.16;0.14
328;"Walter Benítez";"Crystal Palace";0;0;0;0;0;0;0;0;0;0;0;0
329;"Youri Tielemans";"Aston Villa";1.84;1.84;2.98;9.83;7.49;0.09;0.09;0.14;0.23;0.23;0.48;0.36
330;"Solly March";"Brighton";0.06;0.06;0;0.14;0.09;0.16;0.16;0;0.16;0.16;0.4;0.24
331;"Victor Lindelöf";"Aston Villa";0.16;0.16;0.6;2.54;2.53;0.01;0.01;0.06;0.07;0.07;0.24;0.24
332;"Niclas Füllkrug";"West Ham";0.98;0.98;0.45;0.91;0.12;0.21;0.21;0.1;0.31;0.31;0.2;0.03
333;"Will Hughes";"Crystal Palace";1.28;1.28;1.93;7.06;5.38;0.07;0.07;0.11;0.18;0.18;0.41;0.31
334;"Daichi Kamada";"Crystal Palace";1.49;1.49;2.59;9.88;7.31;0.07;0.07;0.12;0.19;0.19;0.46;0.34
335;"Timothy Castagne";"Fulham";1.47;1.47;1.75;6.83;5.6;0.07;0.07;0.08;0.16;0.16;0.33;0.27
336;"Nikola Milenkovic";"Nottingham Forest";0.51;0.51;0.27;8.07;8;0.01;0.01;0.01;0.02;0.02;0.22;0.21
337;"Pau Torres";"Aston Villa";1.58;1.58;0.01;4.5;4.43;0.08;0.08;0;0.09;0.09;0.24;0.24
338;"Joachim Andersen";"Fulham";1.66;1.66;0.58;9.26;8.93;0.05;0.05;0.02;0.07;0.07;0.29;0.28
339;"Jadon Sancho";"Aston Villa";0.77;0.77;2.05;5.17;3.22;0.08;0.08;0.21;0.3;0.3;0.54;0.34
340;"Reiss Nelson";"Brentford";0.9;0.9;0.06;1.59;1.12;0.78;0.78;0.05;0.83;0.83;1.38;0.97
341;"Martin Dubravka";"Burnley";0;0;0;2.84;2.84;0;0;0;0;0;0.08;0.08
342;"Joe Willock";"Newcastle United";1.39;1.39;2.1;5.04;3.41;0.13;0.13;0.19;0.32;0.32;0.46;0.31
343;"Rayan Ait Nouri";"Manchester City";0.5;0.5;1.73;7.31;6.59;0.05;0.05;0.16;0.2;0.2;0.67;0.6
344;"Dwight McNeil";"Everton";1.46;1.46;1.74;4.62;2.53;0.11;0.11;0.13;0.24;0.24;0.35;0.19
345;"Jean-Clair Todibo";"West Ham";0.66;0.66;0.38;1.82;1.6;0.03;0.03;0.02;0.05;0.05;0.09;0.08
346;"James Maddison";"Tottenham";0.55;0.55;0;0.54;0.05;1.97;1.97;0;1.97;1.97;1.95;0.2
347;"Matt Doherty";"Wolverhampton Wanderers";0.08;0.08;0.17;0.3;0.13;0.01;0.01;0.02;0.03;0.03;0.03;0.01
348;"Axel Disasi";"West Ham";1.08;1.08;0.02;3.18;2.87;0.08;0.08;0;0.08;0.08;0.23;0.21
349;"Matz Sels";"Nottingham Forest";0;0;0;2.23;2.23;0;0;0;0;0;0.07;0.07
350;"Naif Aguerd";"West Ham";0.09;0.09;0;0.14;0.14;0.04;0.04;0;0.04;0.04;0.07;0.07
351;"Hamed Junior Traore";"Bournemouth";0;0;0.1;0.1;0;0;0;0.66;0.66;0.66;0.66;0
352;"Borna Sosa";"Crystal Palace";0.04;0.04;0.08;0.48;0.39;0.04;0.04;0.08;0.12;0.12;0.5;0.4
353;"Christian Nørgaard";"Arsenal";0.07;0.07;0;0.82;0.77;0.07;0.07;0;0.07;0.07;0.79;0.75
354;"Benoit Badiashile Mukinayi";"Chelsea";0;0;0;1.05;1.05;0;0;0;0;0;0.2;0.2
355;"Bafode Diakite";"Bournemouth";0.01;0.01;0.08;3.93;3.88;0;0;0.01;0.01;0.01;0.28;0.27
356;"Ben White";"Arsenal";0.28;0.28;1.56;4.48;3.18;0.04;0.04;0.2;0.24;0.24;0.57;0.41
357;"Max Kilman";"West Ham";1.17;1.17;0.21;1.23;1.13;0.07;0.07;0.01;0.08;0.08;0.07;0.07
358;"Reinildo";"Sunderland";0.17;0.17;0.3;3.95;3.71;0.01;0.01;0.01;0.02;0.02;0.18;0.17
359;"Harvey Elliott";"Aston Villa,Liverpool";0.29;0.29;0.09;0.74;0.41;0.24;0.24;0.08;0.31;0.31;0.6;0.34
360;"Wesley Fofana";"Chelsea";0.54;0.54;0.66;8.77;8.74;0.03;0.03;0.03;0.06;0.06;0.45;0.45
361;"Dean Henderson";"Crystal Palace";0;0;0.02;3.76;3.76;0;0;0;0;0;0.1;0.1
362;"Ezri Konsa Ngoyo";"Aston Villa";1.07;1.07;0.6;9.36;8.84;0.03;0.03;0.02;0.05;0.05;0.28;0.26
363;"Sebastiaan Bornauw";"Leeds";0.13;0.13;0;0.49;0.49;0.03;0.03;0;0.03;0.03;0.1;0.1
364;"Caoimhin Kelleher";"Brentford";0;0;0.11;5.35;5.24;0;0;0;0;0;0.14;0.14
365;"Igor Julio";"West Ham";0;0;0.02;0.07;0.07;0;0;0.02;0.02;0.02;0.07;0.07
366;"Sandro Tonali";"Newcastle United";1.42;1.42;3.76;10.74;8.41;0.05;0.05;0.13;0.18;0.18;0.37;0.29
367;"Ilia Gruev";"Leeds";0.73;0.73;1.49;3.58;2.23;0.05;0.05;0.1;0.15;0.15;0.25;0.15
368;"Arnaud Kalimuendo Muinga";"Nottingham Forest";0.25;0.25;0.01;0.31;0.06;0.3;0.3;0.01;0.31;0.31;0.38;0.07
369;"Guido Rodríguez";"West Ham";0.02;0.02;0;0.32;0.3;0.01;0.01;0;0.01;0.01;0.18;0.17
370;"Sander Berge";"Fulham";1.35;1.35;1.99;10.62;9;0.04;0.04;0.06;0.1;0.1;0.33;0.28
371;"Ki-Jana Hoever";"Wolverhampton Wanderers";0.01;0.01;0.34;1.38;1.03;0;0;0.07;0.07;0.07;0.28;0.21
372;"Luca Netz";"Nottingham Forest";0;0;0.1;3.1;3.08;0;0;0.03;0.03;0.03;0.8;0.8
373;"Jorge Cuenca";"Fulham";0.05;0.05;0.52;2.31;2.31;0;0;0.05;0.05;0.05;0.22;0.22
374;"Dennis Cirkin";"Sunderland";0.07;0.07;0;0.6;0.54;0.02;0.02;0;0.02;0.02;0.17;0.15
375;"Pascal Struijk";"Leeds";2.97;2.97;1.09;7.12;6.18;0.09;0.09;0.03;0.12;0.12;0.22;0.19
376;"Jack Harrison";"Leeds";0.43;0.43;0.34;1.07;0.33;0.17;0.17;0.13;0.3;0.3;0.41;0.13
377;"Stefan Ortega Moreno";"Nottingham Forest";0;0;0;0.13;0.13;0;0;0;0;0;0.04;0.04
378;"Wataru Endo";"Liverpool";0.06;0.06;0.14;0.96;0.76;0.03;0.03;0.08;0.11;0.11;0.53;0.42
379;"Sasa Kalajdzic";"Wolverhampton Wanderers";0;0;0;0;0;0;0;0;0;0;0;0
380;"Iyenoma Destiny Udogie";"Tottenham";0.22;0.22;1.12;5.18;4.28;0.01;0.01;0.08;0.09;0.09;0.35;0.29
381;"Guglielmo Vicario";"Tottenham";0;0;0.07;3.51;3.44;0;0;0;0;0;0.11;0.11
382;"Dilane Bakwa";"Nottingham Forest";0.76;0.76;1.22;2.94;1.68;0.12;0.12;0.2;0.32;0.32;0.48;0.27
383;"Aaron Hickey";"Brentford";0.55;0.55;0.6;2.7;2.25;0.07;0.07;0.08;0.16;0.16;0.36;0.3
384;"Florentino Luís";"Burnley";1.04;1.04;0.54;4.91;4.17;0.04;0.04;0.02;0.07;0.07;0.21;0.17
385;"James Trafford";"Manchester City";0;0;0;1.55;1.55;0;0;0;0;0;0.39;0.39
386;"Robert Sánchez";"Chelsea";0;0;0.88;10.15;9.27;0;0;0.03;0.03;0.03;0.3;0.27
387;"Radu Dragusin";"Tottenham";0.21;0.21;0;0.81;0.81;0.04;0.04;0;0.04;0.04;0.14;0.14
388;"Filip Jorgensen";"Chelsea";0;0;0;1.31;1.31;0;0;0;0;0;0.32;0.32
389;"Jeremie Frimpong";"Liverpool";0.51;0.51;2.69;5.96;4.06;0.05;0.05;0.24;0.28;0.28;0.52;0.36
390;"Dane Scarlett";"Tottenham";0;0;0;0.05;0.05;0;0;0;0;0;1.14;1.14
391;"Maxime Estève";"Burnley";0.45;0.45;0.7;4.44;4.29;0.01;0.01;0.02;0.04;0.04;0.14;0.13
392;"Valentino Livramento";"Newcastle United";0.15;0.15;0.62;6.23;5.61;0.01;0.01;0.04;0.05;0.05;0.42;0.38
393;"Anthony Elanga";"Newcastle United";1.45;1.45;1.75;4.29;1.84;0.1;0.1;0.12;0.22;0.22;0.3;0.13
394;"Tim Iroegbunam";"Everton";0.51;0.51;1.85;4.41;2.84;0.03;0.03;0.11;0.14;0.14;0.27;0.17
395;"Marco Bizot";"Aston Villa";0;0;0;1.09;1.09;0;0;0;0;0;0.17;0.17
396;"David Raya";"Arsenal";0;0;0.15;6.41;6.32;0;0;0;0;0;0.17;0.17
397;"Kristoffer Ajer";"Brentford";1.05;1.05;0.9;5.49;3.87;0.05;0.05;0.04;0.1;0.1;0.27;0.19
398;"Ethan Pinnock";"Brentford";0.01;0.01;0;0.11;0.11;0;0;0;0;0;0.03;0.03
399;"Rico Henry";"Brentford";0.15;0.15;0.32;2.42;2.23;0.01;0.01;0.02;0.03;0.03;0.17;0.15
400;"Frank Onyeka";"Brentford";0;0;0.37;0.37;0.37;0;0;0.49;0.49;0.49;0.49;0.49
401;"Giorgi Mamardashvili";"Liverpool";0;0;0;2.29;2.29;0;0;0;0;0;0.24;0.24
402;"José Sá";"Wolverhampton Wanderers";0;0;0.08;1.55;1.47;0;0;0;0;0;0.07;0.06
403;"Gabriel Gudmundsson";"Leeds";0.88;0.88;3.1;6.77;4.27;0.03;0.03;0.11;0.13;0.13;0.23;0.14
404;"Yerson Mosquera";"Wolverhampton Wanderers";2.97;2.97;1.2;5.85;3.76;0.12;0.12;0.05;0.17;0.17;0.24;0.16
405;"Romeo Lavia";"Chelsea";0.28;0.28;0.42;3.3;3.25;0.07;0.07;0.1;0.17;0.17;0.81;0.8
406;"Cristhian Mosquera";"Arsenal";0.09;0.09;0.29;5.39;5.18;0.01;0.01;0.03;0.03;0.03;0.5;0.48
407;"Lamare Bogarde";"Aston Villa";0;0;0.04;1.96;1.92;0;0;0;0;0;0.17;0.17
408;"Conor Bradley";"Liverpool";0.22;0.22;1.19;3.41;2.41;0.02;0.02;0.11;0.13;0.13;0.32;0.23
409;"James McAtee";"Nottingham Forest";0.2;0.2;0.86;1.44;0.64;0.07;0.07;0.29;0.36;0.36;0.49;0.22
410;"Diego Coppola";"Brighton";0;0;0;0.49;0.49;0;0;0;0;0;0.23;0.23
411;"Myles Peart-Harris";"Brentford";0;0;0;0;0;0;0;0;0;0;0;0
412;"Vitalii Mykolenko";"Everton";0.28;0.28;1.14;8.09;7.05;0.01;0.01;0.03;0.04;0.04;0.25;0.21
413;"Nathan Patterson";"Everton";0.17;0.17;0;0.74;0.57;0.06;0.06;0;0.06;0.06;0.28;0.21
414;"Toti";"Wolverhampton Wanderers";0.95;0.95;0.16;2.29;2.1;0.06;0.06;0.01;0.07;0.07;0.14;0.13
415;"Josh Dasilva";"Brentford";0.07;0.07;0;0.21;0.13;3.27;3.27;0;3.27;3.27;9.25;5.98
416;"Carlos Baleba";"Brighton";0.57;0.57;0.81;5.86;4.61;0.03;0.03;0.04;0.07;0.07;0.31;0.25
417;"Jamie Bynoe-Gittens";"Chelsea";0.89;0.89;0.98;2.94;1.31;0.18;0.18;0.19;0.37;0.37;0.58;0.26
418;"Leny Yoro";"Manchester United";1.25;1.25;0.22;4.67;4.5;0.06;0.06;0.01;0.08;0.08;0.24;0.23
419;"Tyler Dibling";"Everton";0.14;0.14;0.21;0.86;0.63;0.04;0.04;0.06;0.09;0.09;0.23;0.17
420;"Noussair Mazraoui";"Manchester United";0.2;0.2;0.21;5.65;5.4;0.02;0.02;0.02;0.04;0.04;0.51;0.49
421;"Sepp van den Berg";"Brentford";3.33;3.33;2.2;8.74;6.43;0.11;0.11;0.07;0.18;0.18;0.29;0.21
422;"James Hill";"Bournemouth";0.95;0.95;1.43;7.56;7.18;0.04;0.04;0.06;0.1;0.1;0.32;0.31
423;"Joe Worrall";"Burnley";0.04;0.04;0;0.54;0.51;0.01;0.01;0;0.01;0.01;0.1;0.1
424;"Djed Spence";"Tottenham";1.14;1.14;1.86;5.72;3.08;0.05;0.05;0.08;0.13;0.13;0.25;0.13
425;"Lisandro Martínez";"Manchester United";0.11;0.11;0.46;6.69;6.57;0.01;0.01;0.03;0.04;0.04;0.49;0.49
426;"Tyrell Malacia";"Manchester United";0;0;0;0.07;0.07;0;0;0;0;0;0.94;0.94
427;"Levi Colwill";"Chelsea";0;0;0;1.29;1.29;0;0;0;0;0;0.55;0.55
428;"Wilson Odobert";"Tottenham";2.46;2.46;1.95;5.97;2.88;0.23;0.23;0.19;0.42;0.42;0.57;0.27
429;"Rico Lewis";"Manchester City";0.14;0.14;1.55;2.97;1.45;0.03;0.03;0.36;0.39;0.39;0.69;0.33
430;"Emmanuel Agbadou";"Wolverhampton Wanderers";0.45;0.45;0.17;1.66;1.54;0.04;0.04;0.01;0.05;0.05;0.14;0.13
431;"Marcos Senesi";"Bournemouth";1.85;1.85;4.03;14.27;10.91;0.05;0.05;0.11;0.16;0.16;0.39;0.3
432;"Ryan Yates";"Nottingham Forest";0.67;0.67;0.23;3.29;2.77;0.11;0.11;0.04;0.15;0.15;0.54;0.45
433;"Kaden Rodney";"Crystal Palace";0;0;0;0;0;0;0;0;0;0;0;0
434;"Ethan Nwaneri";"Arsenal";0.33;0.33;0.05;1.17;0.98;0.19;0.19;0.03;0.22;0.22;0.68;0.58
435;"Wilfried Gnonto";"Leeds";0.44;0.44;1.25;2.88;1.24;0.08;0.08;0.23;0.31;0.31;0.53;0.23
436;"Chadi Riad";"Crystal Palace";0.28;0.28;0.43;1.62;1.53;0.04;0.04;0.07;0.11;0.11;0.26;0.24
437;"Ben Doak";"Bournemouth";0.45;0.45;0.46;1.94;1.04;0.49;0.49;0.5;0.99;0.99;2.13;1.14
438;"Bashir Humphreys";"Burnley";0.53;0.53;0.86;3.34;2.93;0.03;0.03;0.05;0.08;0.08;0.19;0.17
439;"Mamadou Sarr";"Chelsea";0.57;0.57;0;0.23;0.23;0.52;0.52;0;0.52;0.52;0.21;0.21
440;"Carlos Alcaraz";"Everton";1.01;1.01;1.21;2.68;1.35;0.13;0.13;0.16;0.29;0.29;0.35;0.18
441;"Daniel Bentley";"Wolverhampton Wanderers";0;0;0;0.22;0.22;0;0;0;0;0;0.07;0.07
442;"Facundo Buonanotte";"Chelsea,Leeds";0.08;0.08;0.3;0.29;0.22;0.09;0.09;0.35;0.44;0.44;0.34;0.26
443;"Romaine Mundle";"Sunderland";0.67;0.67;0.02;1.28;0.61;0.16;0.16;0;0.17;0.17;0.31;0.15
444;"Marc Guiu";"Chelsea,Sunderland";2.51;2.51;0.76;3.28;0.12;0.9;0.9;0.27;1.18;1.18;1.18;0.04
445;"Zeki Amdouni";"Burnley";0.17;0.17;0;0.26;0.08;0.29;0.29;0;0.29;0.29;0.43;0.14
446;"Hjalmar Ekdal";"Burnley";0.61;0.61;0.17;2.71;2.59;0.04;0.04;0.01;0.05;0.05;0.16;0.15
447;"Bart Verbruggen";"Brighton";0;0;0.08;7.38;7.38;0;0;0;0;0;0.19;0.19
448;"Abduqodir Khusanov";"Manchester City";0.67;0.67;0.57;7.63;7.13;0.04;0.04;0.04;0.08;0.08;0.48;0.45
449;"Manuel Ugarte";"Manchester United";0.84;0.84;0.13;3.85;3.15;0.09;0.09;0.01;0.1;0.1;0.41;0.33
450;"Ian Maatsen";"Aston Villa";1.3;1.3;2.97;5.08;3.72;0.07;0.07;0.17;0.24;0.24;0.29;0.21
451;"Lucas Pires";"Burnley";0.9;0.9;1.52;3.83;2.35;0.06;0.06;0.1;0.16;0.16;0.25;0.15
452;"Oscar Bobb";"Fulham,Manchester City";1.43;1.43;2.02;5.76;3.54;0.12;0.12;0.17;0.3;0.3;0.5;0.3
453;"Djordje Petrovic";"Bournemouth";0;0;0;3.02;3.02;0;0;0;0;0;0.08;0.08
454;"Altay Bayindir";"Manchester United";0;0;0.29;1.05;0.75;0;0;0.05;0.05;0.05;0.17;0.13
455;"Mike Trésor";"Burnley";0;0;0;0.03;0.03;0;0;0;0;0;0.1;0.1
456;"Jackson Tchatchoua";"Wolverhampton Wanderers";0.11;0.11;2.24;6.03;4.17;0.01;0.01;0.11;0.12;0.12;0.3;0.21
457;"Alex Murphy";"Newcastle United";0;0;0;0.03;0.03;0;0;0;0;0;1.56;1.56
458;"Treymaurice Nyoni";"Liverpool";0.48;0.48;0.05;0.98;0.45;3.32;3.32;0.34;3.66;3.66;6.78;3.12
459;"Tawanda Chirewa";"Wolverhampton Wanderers";0;0;0;0;0;0;0;0;0;0;0;0
460;"Myles Lewis-Skelly";"Arsenal";0.13;0.13;0.18;2.13;1.97;0.02;0.02;0.02;0.04;0.04;0.29;0.27
461;"Oliver Scarles";"West Ham";0.24;0.24;0.98;1.59;0.68;0.03;0.03;0.13;0.16;0.16;0.22;0.09
462;"Callum Marshall";"West Ham";0.23;0.23;0;0;0;0.47;0.47;0;0.47;0.47;0;0
463;"Lucas Perri";"Leeds";0;0;0;2.47;2.47;0;0;0;0;0;0.15;0.15
464;"George Earthy";"West Ham";0;0;0;0;0;0;0;0;0;0;0;0
465;"Tyrique George";"Chelsea,Everton";0.83;0.83;1.34;1.66;0.99;0.23;0.23;0.37;0.6;0.6;0.46;0.27
466;"Hákon Valdimarsson";"Brentford";0;0;0;0.21;0.21;0;0;0;0;0;0.21;0.21
467;"Christantus Uche";"Crystal Palace";0.78;0.78;0;0.75;0.03;0.64;0.64;0;0.64;0.64;0.62;0.03
468;"Harrison Armstrong";"Everton";0.44;0.44;0.12;1.6;1.34;0.08;0.08;0.02;0.1;0.1;0.28;0.23
469;"Jota Silva";"Nottingham Forest";0;0;0;0;0;0;0;0;0;0;0;0
470;"Andy Irving";"West Ham";0;0;0.2;0.17;0.14;0;0;0.1;0.1;0.1;0.09;0.07
471;"Mads Hermansen";"West Ham";0;0;0.04;2.04;2.01;0;0;0;0;0;0.11;0.11
472;"Luis Guilherme";"West Ham";0.04;0.04;0.05;0.09;0;0.03;0.03;0.04;0.07;0.07;0.07;0
473;"Lutsharel Geertruida";"Sunderland";0.84;0.84;0.77;4.53;3.29;0.05;0.05;0.04;0.09;0.09;0.25;0.18
474;"Ayden Heaven";"Manchester United";0.22;0.22;0.37;4.17;3.71;0.02;0.02;0.04;0.06;0.06;0.41;0.36
475;"Jaydee Canvot";"Crystal Palace";1.57;1.57;0.08;3.85;3.82;0.11;0.11;0.01;0.11;0.11;0.26;0.26
476;"Dário Essugo";"Chelsea";0;0;0;0.43;0.43;0;0;0;0;0;1.62;1.62
477;"Jack Fletcher";"Manchester United";0.04;0.04;0.11;0.26;0.15;0.03;0.03;0.11;0.14;0.14;0.24;0.14
478;"Pedro Lima";"Wolverhampton Wanderers";0.5;0.5;0.22;0.83;0.2;0.18;0.18;0.08;0.25;0.25;0.3;0.07
479;"Fernando López";"Wolverhampton Wanderers";0.22;0.22;0.51;0.84;0.23;0.09;0.09;0.22;0.31;0.31;0.36;0.1
480;"Callum Olusesi";"Tottenham";0;0;0;0;0;0;0;0;0;0;0;0
481;"Ben Winterburn";"Bournemouth";0;0;0;0;0;0;0;0;0;0;0;0
482;"Ezra Mayers";"West Ham";0.11;0.11;0.12;0.39;0.16;0.1;0.1;0.11;0.21;0.21;0.37;0.15
483;"Jonah Kusi-Asare";"Fulham";0;0;0.08;0.08;0;0;0;0.26;0.26;0.26;0.26;0
484;"Max Alleyne";"Manchester City";0.38;0.38;0.03;0.37;0.37;0.25;0.25;0.02;0.27;0.27;0.24;0.24
485;"Zach Abbott";"Nottingham Forest";0;0;0;0.08;0.08;0;0;0;0;0;0.04;0.04
486;"Jamaldeen Jimoh";"Aston Villa";0;0;0;0.34;0.34;0;0;0;0;0;6.18;6.18
487;"Antonín Kinsky";"Tottenham";0;0;0;0.05;0.05;0;0;0;0;0;0.01;0.01
488;"Romain Esse";"Crystal Palace";0;0;0;0;0;0;0;0;0;0;0;0
489;"Andrés García";"Aston Villa";0;0;0;0.44;0.44;0;0;0;0;0;0.48;0.48
490;"Joe Knight";"Brighton";0;0;0;0;0;0;0;0;0;0;0;0
491;"Tyler Fredricson";"Manchester United";0;0;0;0;0;0;0;0;0;0;0;0
492;"Julio Soler";"Bournemouth";0;0;0;0.06;0.06;0;0;0;0;0;0.21;0.21
493;"Shumaira Mheuka";"Chelsea";0;0;0;0;0;0;0;0;0;0;0;0
494;"Sean Neave";"Newcastle United";0.03;0.03;0;0.03;0;0.45;0.45;0;0.45;0.45;0.45;0
495;"Harry Howell";"Brighton";0;0;0;0;0;0;0;0;0;0;0;0
496;"Robin Roefs";"Sunderland";0;0;0.71;3.14;2.44;0;0;0.02;0.02;0.02;0.09;0.07
497;"Jenson Seelt";"Sunderland";0;0;0;0.3;0.3;0;0;0;0;0;0.2;0.2
498;"Noah Sadiki";"Sunderland";1.62;1.62;0.93;8.34;6.27;0.05;0.05;0.03;0.08;0.08;0.26;0.19
499;"Dan Neil";"Sunderland";0;0;0;0;0;0;0;0;0;0;0;0
500;"El Hadji Malick Diouf";"West Ham";0.56;0.56;3.25;6.94;5.09;0.02;0.02;0.11;0.13;0.13;0.23;0.17
501;"Freddie Potts";"West Ham";0.21;0.21;1.21;3.16;2.26;0.02;0.02;0.09;0.11;0.11;0.25;0.18
502;"Quilindschy Hartman";"Burnley";0.38;0.38;2.79;5.24;4.08;0.02;0.02;0.14;0.15;0.15;0.26;0.2
503;"Max Weiss";"Burnley";0;0;0.16;0.31;0.15;0;0;0.05;0.05;0.05;0.1;0.05
504;"David Møller Wolfe";"Wolverhampton Wanderers";0.08;0.08;1.3;1.79;1.3;0.01;0.01;0.11;0.12;0.12;0.15;0.11
505;"Jorrel Hato";"Chelsea";0.34;0.34;0.71;6.17;5.82;0.03;0.03;0.06;0.08;0.08;0.49;0.46
506;"Rio Cardines";"Crystal Palace";0.02;0.02;0.3;0.41;0.18;0.02;0.02;0.3;0.32;0.32;0.41;0.18
507;"Jair";"Nottingham Forest";0.48;0.48;0.08;1.19;0.63;0.08;0.08;0.01;0.09;0.09;0.2;0.11
508;"Antoni Milambo";"Brentford";0;0;0;0.04;0.04;0;0;0;0;0;0.08;0.08
509;"Joël Piroe";"Leeds";1.08;1.08;0.09;1.2;0.22;0.45;0.45;0.04;0.49;0.49;0.5;0.09
510;"Bradley Burrowes";"Aston Villa";0;0;0;0;0;0;0;0;0;0;0;0
511;"John Victor";"Nottingham Forest";0;0;0;0.85;0.85;0;0;0;0;0;0.17;0.17
512;"Veljko Milosavljevic";"Bournemouth";0.36;0.36;0.07;0.46;0.39;0.09;0.09;0.02;0.11;0.11;0.11;0.1
513;"Tom Watson";"Brighton";0.02;0.02;0;0.02;0;0.05;0.05;0;0.05;0.05;0.05;0
514;"Divine Mukasa";"Manchester City";0;0;0.21;0.72;0.51;0;0;0.91;0.91;0.91;3.09;2.19
515;"Senne Lammens";"Manchester United";0;0;0;5;5;0;0;0;0;0;0.16;0.16
516;"Luke O&#039;Nien";"Sunderland";0.21;0.21;0.11;2.22;2;0.03;0.03;0.02;0.05;0.05;0.36;0.32
517;"Nehemiah Oriola";"Brighton";0;0;0;0;0;0;0;0;0;0;0;0
518;"Jun&#039;ai Byfield";"Tottenham";0;0;0;0;0;0;0;0;0;0;0;0
519;"James Rowswell";"Tottenham";0;0;0;0;0;0;0;0;0;0;0;0
520;"George Hemmings";"Aston Villa";0.02;0.02;0;0.38;0.36;0.09;0.09;0;0.09;0.09;1.81;1.72
521;"Shea Lacey";"Manchester United";0.08;0.08;0;0.15;0.07;0.24;0.24;0;0.24;0.24;0.45;0.21
522;"Romelle Donovan";"Brentford";0.1;0.1;0.03;0.1;0;0.41;0.41;0.13;0.54;0.54;0.41;0
523;"Mohamadou Kanté";"West Ham";0.1;0.1;0.11;0.34;0.12;0.2;0.2;0.21;0.41;0.41;0.64;0.24
524;"Joél Drakes-Thomas";"Crystal Palace";0;0;0;0.38;0.38;0;0;0;0;0;16.89;16.89
525;"Bendito Mantato";"Manchester United";0;0;0.04;0.12;0.12;0;0;0.23;0.23;0.23;0.8;0.8
526;"Tyler Fletcher";"Manchester United";0;0;0;0.02;0.02;0;0;0;0;0;0.14;0.14
527;"Jaydon Banel";"Burnley";0;0;0;0;0;0;0;0;0;0;0;0
528;"Pablo";"West Ham";1.42;1.42;1.29;3.47;0.81;0.15;0.15;0.14;0.29;0.29;0.37;0.09
529;"Kaye Furo";"Brentford";0;0;0;0;0;0;0;0;0;0;0;0
530;"Alex Tóth";"Bournemouth";0.18;0.18;0.36;1.3;0.87;0.12;0.12;0.24;0.36;0.36;0.86;0.57
531;"Jerome Abbey";"Wolverhampton Wanderers";0;0;0;0;0;0;0;0;0;0;0;0
532;"Souza";"Tottenham";0.01;0.01;0.2;0.56;0.37;0.01;0.01;0.13;0.14;0.14;0.37;0.25
533;"Nilson Angulo";"Sunderland";0.91;0.91;0.05;0.89;0.16;0.2;0.2;0.01;0.21;0.21;0.19;0.04
534;"Melker Ellborg";"Sunderland";0;0;0;0.1;0.1;0;0;0;0;0;0.03;0.03
535;"Alysson Edward";"Aston Villa";0.05;0.05;0;0.1;0.05;0.14;0.14;0;0.14;0.14;0.28;0.14
536;"Djiamgone Jocelin Ta Bi";"Sunderland";0;0;0;0;0;0;0;0;0;0;0;0
537;"Jesse Derry";"Chelsea";0.1;0.1;0;0.2;0.1;0.17;0.17;0;0.17;0.17;0.33;0.16
